,Week,Mins,Goals,Assists,Clean_Sheets,Goals_Conceded,Yellow_Cards,Red_Cards,Saves,Bonus,PPI,BPS,Net_Transfers,Value,Points,serialID,ID,Name,Team,Position,Availabilty,Selection,EA_INDEX,Price
0,745,1498,0,0,3,21,1,0,44,0,172,215,-240735,201.8,47,1,1,Wojciech Szczesny,ARS,GK,100,4.7,172,5.2
1,745,2287,3,0,11,19,4,0,0,15,387,575,-6562,227.6,120,2,2,Laurent Koscielny,ARS,DEF,100,9.9,387,6.1
2,745,0,0,0,0,0,0,0,0,0,0,0,-6001,190,0,3,3,Thomas Vermaelen,ARS,DEF,0,0.1,0,5
3,745,1660,0,5,6,22,3,0,0,9,262,408,-71125,200.5,76,4,4,Kieran Gibbs,ARS,DEF,100,1.7,262,5.2
5,745,3150,0,1,12,34,2,0,0,12,413,732,44894,228.3,121,6,6,Per Mertesacker,ARS,DEF,100,5.2,413,6.1
6,745,2311,0,2,9,23,3,0,0,6,361,553,125090,185.2,92,7,7,Nacho Monreal,ARS,DEF,100,3.5,361,4.9
7,745,0,0,0,0,0,0,0,0,0,0,0,-891,165,0,8,8,Isaac Hayden,ARS,DEF,,0.1,0,4.3
8,745,1563,2,1,7,15,5,0,0,5,302,372,265738,171,77,9,9,Hector Bellerin,ARS,DEF,100,6.9,302,4.8
9,745,729,2,1,1,12,4,0,0,4,161,163,-97085,241.2,36,10,10,Jack Wilshere,ARS,MD,100,2.3,161,6.3
10,745,447,5,1,2,4,0,0,0,3,195,127,11393,334.5,51,11,11,Theo Walcott,ARS,MD,100,0.4,195,8.2
11,745,2007,6,6,10,18,6,0,0,13,403,471,-753679,332.5,116,12,12,Aaron Ramsey,ARS,MD,100,13.4,403,8.8
12,745,583,2,1,1,7,1,0,0,3,155,160,-17769,180,36,13,13,Tomas Rosicky,ARS,MD,100,0.5,155,4.6
13,745,447,0,1,3,3,1,0,0,2,75,92,-61436,201.5,19,14,14,Mikel Arteta,ARS,MD,0,0.7,75,5.2
14,745,1491,1,2,7,18,4,0,0,3,270,277,-26739,240.3,57,15,15,Alex Oxlade-Chamberlain,ARS,MD,100,1,270,6.2
15,745,2990,7,11,12,30,5,0,0,23,798,860,591853,316.6,168,16,16,Santiago Cazorla,ARS,MD,,14.8,798,8.4
16,745,0,0,0,0,0,0,0,0,0,0,0,-1562,180.4,0,17,17,Vassiriki Diaby,ARS,MD,100,0,0,4.7
17,745,0,0,0,0,0,0,0,0,0,0,0,-518,183.3,0,18,18,Serge Gnabry,ARS,MD,100,0,0,4.8
18,745,0,0,0,0,0,0,0,0,0,0,0,-452,180.5,0,19,19,Gedion Zelalem,ARS,MD,,0,0,4.7
19,745,1461,1,2,4,21,3,0,0,0,225,293,-4247,185.1,51,20,20,Mathieu Flamini,ARS,MD,100,0.2,225,4.8
20,745,1857,4,6,9,16,0,0,0,13,463,511,95912,340.6,103,21,21,Mesut …zil,ARS,MD,100,4.4,463,9
21,745,0,0,0,0,0,0,0,0,0,0,0,-1028,171,0,22,22,Ryo Miyaichi,ARS,MD,100,0,0,4.5
22,745,2944,16,8,12,31,4,0,0,29,888,705,854805,420.4,207,23,23,Alexis S‡nchez,ARS,MD,100,37.2,888,11.6
23,745,106,0,0,0,0,0,0,0,0,14,13,-11504,275.3,7,24,24,Lukas Podolski,ARS,FWD,100,0.4,14,7.2
24,745,1861,14,3,10,15,5,1,0,16,511,434,98493,316.3,120,25,25,Olivier Giroud,ARS,FWD,100,19,511,8.7
26,745,30,0,1,0,0,0,0,0,0,23,16,-99,183.8,6,27,27,Chuba Akpom,ARS,FWD,100,0,23,4.8
27,745,41,0,0,0,1,0,0,0,0,5,16,-23798,192.5,4,28,28,Joel Campbell,ARS,FWD,0,0.4,5,5
284,745,1709,4,7,6,19,3,0,0,10,380,328,53066,267.4,89,285,285,Danny Welbeck,ARS,FWD,0,4.5,380,6.9
294,745,805,1,1,0,12,2,0,0,0,147,130,-609824,199.3,23,295,295,Mathieu Debuchy,ARS,DEF,0,4,147,5.2
344,745,1572,1,1,7,20,7,1,0,8,234,369,-80871,179.7,68,345,345,Calum Chambers,ARS,DEF,100,6.5,234,4.5
542,745,1620,0,0,8,11,0,0,47,0,241,301,142804,184.9,76,543,543,David Ospina,ARS,GK,100,4,241,5
570,745,1661,0,0,8,14,5,0,0,1,262,335,15661,171,45,571,571,Francis Coquelin,ARS,MD,100,0.4,262,4.5
571,745,302,0,0,2,4,0,0,4,0,33,57,301,171,14,572,572,Damian Emiliano Martinez,ARS,GK,,0.1,33,4.5
620,717,0,0,0,0,0,0,0,0,0,0,0,898,124,0,621,621,Semi Ajayi,ARS,DEF,100,0,0,4
632,667,0,0,0,0,0,0,0,0,0,0,0,736,104,0,633,633,Ryan Huddart,ARS,GK,,0,0,4
634,667,0,0,0,0,0,0,0,0,0,0,0,861,104,0,635,635,Matthew Macey,ARS,GK,,0,0,4
639,640,1,0,0,0,0,0,0,0,0,0,3,92,105.9,1,640,640,Ainsley Maitland-Niles,ARS,MD,,0,0,4.4
664,492,350,0,1,1,4,0,0,0,0,73,90,1401,84.9,16,665,665,Gabriel Armando de Abreu,ARS,DEF,100,0,73,5.1
665,492,0,0,0,0,0,0,0,0,0,0,0,209,71.1,0,666,666,Krystian Bielik,ARS,MD,,0,0,4.4
28,739,270,0,0,1,8,1,0,9,0,37,38,2937,152,7,29,29,Shay Given,AVL,GK,,7.3,37,4
29,739,3060,0,0,9,48,2,0,101,3,288,500,221263,176.2,112,30,30,Bradley Guzan,AVL,GK,,11.6,288,4.6
30,739,764,0,0,3,13,0,0,0,3,53,141,-4465,165.4,29,31,31,Nathan Baker,AVL,DEF,100,0.1,53,4.3
31,739,1992,1,2,4,34,8,1,0,5,236,378,32659,163.9,60,32,32,Ciaran Clark,AVL,DEF,0,0.6,236,4.2
32,739,756,0,1,2,13,2,0,0,0,89,132,-398,161.4,26,33,33,Matthew Lowton,AVL,DEF,100,0.1,89,4
33,739,1647,0,1,6,27,3,1,0,7,137,284,-393223,167.5,56,34,34,Ron Vlaar,AVL,DEF,100,9.3,137,4.3
34,739,0,0,0,0,0,0,0,0,0,0,0,-1114,171,0,35,35,Joe Bennett,AVL,DEF,,0,0,4.5
35,739,2010,1,0,4,35,6,0,0,8,227,399,7756,163.6,58,36,36,Jores Okore,AVL,DEF,100,0.4,227,4.2
36,739,0,0,0,0,0,0,0,0,0,0,0,-345,171,0,37,37,Antonio Luna,AVL,DEF,0,0,0,4.5
37,739,0,0,0,0,0,0,0,0,0,0,0,-1208,149.1,0,38,38,Janoi Donacien,AVL,DEF,100,0.2,0,3.9
38,739,633,0,0,3,9,2,0,0,0,74,116,608,166.9,22,39,39,Philippe Senderos,AVL,DEF,100,0.9,74,4.3
39,739,2433,0,4,6,46,1,1,0,1,336,441,5920,184.7,69,40,40,Fabian Delph,AVL,MD,100,1.3,336,4.8
40,739,1422,0,3,10,13,3,0,0,0,173,117,2034,201.6,58,41,41,Charles N'Zogbia,AVL,MD,100,0.2,173,5.2
41,739,0,0,0,0,0,0,0,0,0,0,0,-6112,164.8,0,42,42,Gary Gardner,AVL,MD,0,0.1,0,4.3
42,739,0,0,0,0,0,0,0,0,0,0,0,-294855,167.4,0,43,43,Karim El Ahmadi,AVL,MD,0,2,0,4.4
43,739,2149,0,1,6,36,4,0,0,0,261,363,-11394,181.9,55,44,44,Ashley Westwood,AVL,MD,100,0.3,261,4.7
44,739,983,0,5,4,16,1,0,0,1,146,196,-2713,193,48,45,45,Leandro Bacuna,AVL,MD,100,0.1,146,5
45,739,0,0,0,0,0,0,0,0,0,0,0,-701,171,0,46,46,Aleksandar Tonev,AVL,MD,0,0,0,4.5
46,739,0,0,0,0,0,0,0,0,0,0,0,-106,171,0,47,47,Samir Carruthers,AVL,MD,,0,0,4.5
47,739,0,0,0,0,0,0,0,0,0,0,0,-471,167.8,0,48,48,Daniel Johnson,AVL,MD,100,0,0,4.4
48,739,822,0,1,2,18,0,0,0,2,140,147,13191,165.9,31,49,49,Jack Grealish,AVL,MD,100,0.6,140,4.3
49,739,284,1,1,1,6,0,0,0,2,42,82,-1258,202.7,25,50,50,Joe Cole,AVL,MD,100,0.1,42,5.3
50,739,1344,0,1,6,26,2,1,0,0,168,152,-4853,187.6,40,51,51,Kieran Richardson,AVL,MD,100,0.2,168,4.9
51,739,2693,6,1,8,42,7,1,0,12,327,247,24746,199.1,93,52,52,Gabriel Agbonlahor,AVL,FWD,100,1.6,327,5
52,739,1775,3,2,9,22,5,0,0,7,243,267,-45111,200.7,69,53,53,Andreas Weimann,AVL,FWD,100,2.2,243,5.1
53,739,2378,13,2,7,44,1,1,0,18,437,390,471905,294.6,127,54,54,Christian Benteke,AVL,FWD,100,12.2,437,8
54,739,0,0,0,0,0,0,0,0,0,0,0,-23,224.9,0,55,55,Libor Koz‡k,AVL,FWD,0,0,0,5.9
55,739,0,0,0,0,0,0,0,0,0,0,0,-2667,164.8,0,56,56,Callum Robinson,AVL,FWD,,0.1,0,4.3
56,739,83,0,0,0,2,0,0,0,0,-1,19,-23859,177.9,7,57,57,Darren Bent,AVL,FWD,0,0.4,-1,4.6
250,739,468,1,0,1,7,0,0,0,1,54,62,23955,197.8,22,251,251,Scott Sinclair,AVL,MD,100,0.2,54,4.9
273,739,2597,3,0,8,45,7,0,0,3,344,465,35398,199.2,81,274,274,Tom Cleverley,AVL,MD,100,1.2,344,5.3
538,739,2420,1,0,6,42,8,0,0,5,312,434,177554,162.6,70,539,539,Alan Hutton,AVL,DEF,100,7.8,312,4.3
557,739,2129,0,0,7,31,1,0,0,7,200,343,54132,172.7,70,558,558,Aly Cissokho,AVL,DEF,100,3.2,200,4.4
580,738,1988,1,0,6,33,6,1,0,0,206,292,11117,163.4,52,581,581,Carlos S‡nchez,AVL,MD,,0.4,206,4.4
636,648,0,0,0,0,0,0,0,0,0,0,0,542,100,0,637,637,Chris Herd,AVL,DEF,0,0,0,4
645,603,0,0,0,0,0,0,0,0,0,0,0,159,99,0,646,646,Riccardo Calder,AVL,MD,,0,0,4.5
660,508,359,0,1,0,11,1,0,0,2,34,69,2850,78.8,12,661,661,Carles Gil de Pareja Vicent,AVL,MD,100,0.1,34,4.2
687,333,0,0,0,0,0,0,0,0,0,0,0,355,40,0,688,688,Lewis Kinsella,AVL,DEF,100,0,0,4
688,333,8,0,0,0,0,0,0,0,0,1,3,49,44.2,1,689,689,Rushian Hepburn-Murphy,AVL,FWD,,0,1,4.4
703,38,90,0,0,0,1,0,0,2,0,4,12,0,4,2,704,704,Jed Steer,AVL,GK,,0,4,4
704,38,0,0,0,0,0,0,0,0,0,0,0,0,4.5,0,705,705,Andre Green,AVL,FWD,,0,0,4.5
57,741,3420,0,0,10,53,1,0,127,11,339,615,161705,173.6,150,58,58,Thomas Heaton,BUR,GK,,5.5,339,4.7
58,741,0,0,0,0,0,0,0,0,0,0,0,-9037,151.1,0,59,59,Matthew Gilks,BUR,GK,,3.1,0,3.9
59,741,1807,0,0,8,26,4,1,0,4,195,325,123337,153.2,62,60,60,Michael Duff,BUR,DEF,100,6.4,195,3.9
60,741,3346,0,0,10,51,3,0,0,5,382,618,9633,170,99,61,61,Jason Shackell,BUR,DEF,100,0.6,382,4.4
61,741,20,0,0,0,1,0,0,0,0,1,4,-12454,147.8,1,62,62,Kevin Long,BUR,DEF,100,0.6,1,3.8
62,741,17,0,0,0,0,0,0,0,0,2,3,-6585,148.6,1,63,63,Daniel Lafferty,BUR,DEF,100,0.5,2,3.9
63,741,2888,2,1,9,44,10,0,0,2,333,465,4397,171,93,64,64,Ben Mee,BUR,DEF,100,0.2,333,4.5
64,741,3415,0,4,10,53,2,0,0,11,506,693,25523,183.6,118,65,65,Kieran Trippier,BUR,DEF,100,2.2,506,4.8
65,741,1685,0,0,5,25,6,0,0,0,162,243,-10695,166.1,37,66,66,Dean Marney,BUR,MD,100,0.3,162,4.2
66,741,3204,0,0,10,47,0,0,0,0,331,497,16232,171,82,67,67,David Jones,BUR,MD,100,0.7,331,4.5
67,741,241,1,0,0,2,2,0,0,1,52,72,-1583,164.7,19,68,68,Ross Wallace,BUR,MD,100,0.1,52,4.2
68,741,3202,2,2,9,51,6,0,0,2,316,372,2367,185.4,91,69,69,Scott Arfield,BUR,MD,100,0.4,316,4.7
69,741,948,1,2,0,22,3,0,0,0,125,99,-3451,176.2,33,70,70,Michael Kightly,BUR,MD,100,0.1,125,4.5
70,741,565,0,1,3,6,0,0,0,0,68,59,-4768,183,21,71,71,Matthew Taylor,BUR,MD,100,0.1,68,4.7
71,741,113,0,0,0,3,1,0,0,0,14,28,-6349,162.9,6,72,72,Steven Reid,BUR,MD,100,0.3,14,4.2
72,741,3025,11,4,8,47,6,0,0,20,471,439,70739,217.5,139,73,73,Danny Ings,BUR,FWD,100,4.2,471,5.5
73,741,567,0,0,2,5,0,0,0,0,57,48,-235,203.4,19,74,74,Sam Vokes,BUR,FWD,100,0,57,5.3
74,741,2418,5,2,6,38,4,1,0,8,294,231,14142,167.6,88,75,75,Ashley Barnes,BUR,FWD,100,1,294,4.4
75,741,289,0,0,2,2,2,0,0,0,19,25,-1040,179,14,76,76,Marvin Sordell,BUR,FWD,,0,19,4.6
167,741,3017,5,2,9,50,7,0,0,7,385,388,148376,172.6,110,168,168,George Boyd,BUR,MD,,6.2,385,4.5
264,741,1645,0,1,2,27,1,0,0,0,157,286,-652,166.7,40,265,265,Michael Keane,BUR,DEF,100,0.1,157,4.2
522,741,981,0,3,3,17,1,0,0,0,82,69,-11299,177,43,523,523,Lukas Jutkiewicz,BUR,FWD,100,0.2,82,4.4
577,741,0,0,0,0,0,0,0,0,0,0,0,1382,151.3,0,578,578,Cameron Dummigan,BUR,DEF,,0.1,0,3.9
579,740,624,0,0,1,11,3,0,0,0,75,98,77,166.5,14,580,580,Stephen Ward,BUR,DEF,100,0,75,4.5
618,720,0,0,0,0,0,0,0,0,0,0,0,318,144,0,619,619,Steven Hewitt,BUR,MD,100,0,0,4.5
692,276,67,0,0,1,0,1,0,0,0,10,6,83,36,3,693,693,Fredrik Ulvestad,BUR,MD,,0,10,4.5
76,748,607,0,0,5,2,0,0,16,0,103,129,-87639,210.2,38,77,77,Petr Cech,CHE,GK,100,1.7,103,5.4
77,748,2813,0,0,12,30,1,0,75,1,384,480,16808,225.8,121,78,78,Thibaut Courtois,CHE,GK,100,9.9,384,5.9
78,748,2986,1,1,14,30,5,0,0,9,499,641,-237417,242.4,130,79,79,Gary Cahill,CHE,DEF,100,12.2,499,6.3
79,748,3420,5,0,17,32,2,0,0,14,613,842,426736,250.5,177,80,80,John Terry,CHE,DEF,,22.7,613,7.1
80,748,3420,4,6,17,32,10,1,0,13,561,796,642676,278.8,179,81,81,Branislav Ivanovic,CHE,DEF,100,30.2,561,7.7
81,748,2481,0,3,14,21,1,1,0,19,438,627,34247,230.5,132,82,82,C_sar Azpilicueta,CHE,DEF,100,8.4,438,6.2
82,748,18,0,0,0,0,0,0,0,0,1,2,-1434,164,1,83,83,Nathan Ak_,CHE,DEF,100,0.1,1,4.3
84,748,0,0,0,0,0,0,0,0,0,0,0,-591,171,0,85,85,Josh McEachran,CHE,MD,0,0,0,4.5
85,748,1107,2,4,4,14,4,0,0,1,218,189,-3640,203.8,55,86,86,Ramires Santos do Nascimento,CHE,MD,100,0.4,218,5.3
86,748,702,0,1,2,8,1,0,0,0,109,150,-11446,165.3,28,87,87,John Obi Mikel,CHE,MD,100,0.4,109,4.3
87,748,0,0,0,0,0,0,0,0,0,0,0,-27,190,0,88,88,Lucas Piazon,CHE,MD,0,0,0,5
88,748,3373,14,10,19,30,2,0,0,42,1002,981,689575,401.1,233,89,89,Eden Hazard,CHE,MD,100,34.2,1002,10.8
89,748,2021,6,8,14,13,5,0,0,12,509,458,17629,314.9,126,90,90,Oscar dos Santos Emboaba Junior,CHE,MD,100,4.2,509,7.9
90,748,436,3,0,2,6,2,0,0,1,128,103,-143371,274.3,33,91,91,Andr_ SchŸrrle,CHE,MD,0,2.6,128,7.1
91,748,0,0,0,0,0,0,0,0,0,0,0,-1334,224.4,0,92,92,Marco van Ginkel,CHE,MD,0,0,0,5.9
92,748,12,0,0,0,0,0,0,0,0,1,3,57,164.9,1,93,93,Isaiah Brown,CHE,MD,,0,1,4.3
93,748,2405,2,4,15,18,3,0,0,7,462,488,14578,293.3,104,94,94,Willian Borges Da Silva,CHE,MD,100,0.9,462,7.7
94,748,3122,1,3,16,29,10,1,0,3,564,608,2757,209.8,90,95,95,Nemanja Matic,CHE,MD,100,3.5,564,5.5
95,748,33,0,0,0,3,0,0,0,0,1,5,-9227,230,3,96,96,Mohamed Salah,CHE,MD,0,0.2,1,6
96,748,0,0,0,0,0,0,0,0,0,0,0,-221,183.1,0,97,97,Lewis Baker,CHE,MD,100,0,0,4.8
97,748,0,0,0,0,0,0,0,0,0,0,0,-44,171,0,98,98,John Swift,CHE,MD,0,0,0,4.5
99,748,2884,3,19,15,28,11,1,0,26,755,784,254242,360.6,165,100,100,Cesc Fˆbregas,CHE,MD,100,26.5,755,9.1
100,748,0,0,0,0,0,0,0,0,0,0,0,-22099,277.7,0,101,101,Fernando Torres,CHE,FWD,0,0.3,0,7.3
101,748,0,0,0,0,0,0,0,0,0,0,0,-93,266,0,102,102,Demba Ba,CHE,FWD,,0,0,7
334,748,853,7,0,1,13,0,0,0,7,237,236,-150558,273.2,64,335,335,Lo•c Remy,CHE,FWD,100,2.1,237,6.9
521,748,2069,20,3,12,23,8,0,0,18,707,576,-209903,414.9,150,522,522,Diego Da Silva Costa,CHE,FWD,100,28.6,707,10.6
527,748,942,0,0,2,12,1,0,0,2,152,203,-256965,204.9,31,528,528,Filipe Luis Kasmirski,CHE,DEF,100,2.2,152,5.3
539,748,647,0,0,4,3,0,0,0,3,137,165,27205,175.4,40,540,540,Kurt Zouma,CHE,DEF,100,0.8,137,4.2
541,748,869,4,1,4,5,5,0,0,6,185,153,-22053,233.5,55,542,542,Didier Drogba,CHE,FWD,100,1,185,5.9
605,742,69,0,0,0,3,1,0,0,0,-2,12,187,154,3,606,606,Nathaniel Chalobah,CHE,MD,0,0,-2,4.3
621,720,0,0,0,0,0,0,0,0,0,0,0,319,155,0,622,622,Dominic Solanke,CHE,FWD,,0,0,5
668,495,13,0,0,0,0,0,0,0,0,2,2,202,72,1,669,669,Andreas Christensen,CHE,DEF,,0,2,4.5
669,495,132,0,0,0,4,0,0,0,0,11,27,874,80,4,670,670,Ruben Loftus-Cheek,CHE,MD,,0,11,5
672,472,315,0,1,2,1,2,0,0,0,59,59,8156,114.9,17,673,673,Juan Cuadrado,CHE,MD,,0.1,59,7.2
697,111,0,0,0,0,0,0,0,0,0,0,0,226,12,0,698,698,Mitchell Beeney,CHE,GK,,0,0,4
700,75,0,0,0,0,0,0,0,0,0,0,0,154,8,0,701,701,Jamal Blackman,CHE,GK,,0,0,4
705,38,0,0,0,0,0,0,0,0,0,0,0,0,4.5,0,706,706,Jeremie Boga,CHE,MD,,0,0,4.5
25,741,458,0,1,0,8,1,0,0,0,41,16,-57189,179.8,19,26,26,Yaya Sanogo,CRY,FWD,100,0.7,41,4.7
103,741,3204,0,0,6,49,1,0,90,7,321,478,-2644,185.8,115,104,104,Julian Speroni,CRY,GK,100,3,321,4.8
104,741,216,0,0,1,2,0,0,4,0,32,37,-2505,166.9,9,105,105,Wayne Hennessey,CRY,GK,,0.2,32,4.3
105,741,3330,1,0,7,49,4,0,0,0,383,488,-96633,180.9,90,106,106,Joel Ward,CRY,DEF,100,2.7,383,4.7
106,741,2433,0,0,5,38,6,1,0,2,264,363,-20193,186.5,57,107,107,Damien Delaney,CRY,DEF,100,0.5,264,4.9
107,741,0,0,0,0,0,0,0,0,0,0,0,-9037,149.2,0,108,108,Patrick McCarthy,CRY,DEF,100,0.4,0,3.9
108,741,0,0,0,0,0,0,0,0,0,0,0,-230,152,0,109,109,Jack Hunt,CRY,DEF,100,0,0,4
109,741,843,0,0,3,13,3,0,0,0,76,109,-6145,164.5,25,110,110,Adrian Mariappa,CRY,DEF,100,0.1,76,4.2
110,741,0,0,0,0,0,0,0,0,0,0,0,469,148.9,0,111,111,Ryan Inniss,CRY,DEF,100,0.2,0,3.9
111,741,2920,2,4,6,40,6,0,0,7,418,455,46550,186.6,105,112,112,Scott Dann,CRY,DEF,100,1.7,418,4.9
112,741,138,0,0,0,3,1,0,0,0,21,28,-691,180.6,7,113,113,Barry Bannan,CRY,MD,0,0,21,4.7
113,741,2771,4,12,6,41,3,0,0,8,497,364,223417,206.7,132,114,114,Yannick Bolasie,CRY,MD,100,7,497,5.6
114,741,0,0,0,0,0,0,0,0,0,0,0,-743,171,0,115,115,Owen Garvan,CRY,MD,100,0,0,4.5
115,741,2077,5,3,5,35,3,1,0,6,369,375,18609,192.7,86,116,116,Mile Jedinak,CRY,MD,100,2.2,369,5
116,741,36,0,0,0,0,0,0,0,0,-3,12,-376,183.8,2,117,117,Jonathan Williams,CRY,MD,100,0,-3,4.8
117,741,7,0,0,0,0,0,0,0,0,1,2,-848,167.4,1,118,118,Jerome Thomas,CRY,MD,100,0,1,4.3
118,741,2823,6,7,6,42,7,1,0,14,508,471,-13712,216,128,119,119,Jason Puncheon,CRY,MD,100,5.1,508,5.5
119,741,0,0,0,0,0,0,0,0,0,0,0,-18,171,0,120,120,Jos_ Campa–a,CRY,MD,0,0,0,4.5
120,741,83,0,0,0,4,0,0,0,0,4,16,-1258,171,3,121,121,Stuart O'Keefe,CRY,MD,0,0,4,4.5
121,741,0,0,0,0,0,0,0,0,0,0,0,-3075,171,0,122,122,Jimmy Kebe,CRY,MD,100,0,0,4.5
122,741,127,0,0,0,2,1,0,0,0,18,18,-384,167.6,6,123,123,Adlène Gu_dioura,CRY,MD,100,0,18,4.4
123,741,0,0,0,0,0,0,0,0,0,0,0,-3698,164.6,0,124,124,Hiram Boateng,CRY,MD,,0.3,0,4.3
124,741,2571,2,1,5,39,0,0,0,4,316,395,-1395,202.5,81,125,125,Joe Ledley,CRY,MD,100,0.1,316,5.2
125,741,868,7,5,1,11,3,1,0,10,287,197,45725,194.3,70,126,126,Glenn Murray,CRY,FWD,100,1.4,287,4.5
126,741,1096,5,2,2,18,1,0,0,8,213,225,-321,190.8,67,127,127,Dwight Gayle,CRY,FWD,100,0.7,213,4.5
127,741,0,0,0,0,0,0,0,0,0,0,0,-621,171,0,128,128,Stephen Dobbie,CRY,FWD,0,0,0,4.5
128,741,1149,2,2,2,17,4,0,0,4,164,154,-18333,200.8,45,129,129,Marouane Chamakh,CRY,FWD,100,0.4,164,5.2
200,741,2498,0,1,4,39,2,0,0,1,297,346,5949,168.3,65,201,201,Martin Kelly,CRY,DEF,,0.6,297,4.4
279,741,1977,4,3,7,24,1,0,0,3,383,232,20220,197.3,91,280,280,Wilfried Zaha,CRY,MD,100,0.9,383,5.1
372,741,4,0,0,0,0,0,0,0,0,1,3,-422,161.9,1,373,373,Ezekiel Fryers,CRY,DEF,100,0,1,4.2
535,741,1174,4,1,2,24,5,0,0,5,149,149,-77338,195.2,51,536,536,Fraizer Campbell,CRY,FWD,100,1.1,149,5
546,741,1173,2,1,2,18,2,0,0,1,147,189,-16832,181.8,42,547,547,Brede Hangeland,CRY,DEF,,0.7,147,4.6
551,741,853,0,2,2,14,5,0,0,0,71,85,-112245,193.5,27,552,552,Jordon Mutch,CRY,MD,100,0.6,71,5
563,741,0,0,0,0,0,0,0,0,0,0,0,-1465,168,0,564,564,Jerome Binnom-Williams,CRY,DEF,0,0,0,4.4
597,735,2601,2,1,8,32,6,0,0,3,385,415,350,186.5,79,598,598,James McArthur,CRY,MD,100,0,385,5.2
601,735,36,0,0,0,0,0,0,0,0,3,7,273,163.9,3,602,602,Kevin Doyle,CRY,FWD,,0,3,4.6
611,731,0,0,0,0,0,0,0,0,0,0,0,486,153,0,612,612,Andrew Johnson,CRY,FWD,0,0,0,4.5
667,488,42,0,0,0,1,0,0,0,0,0,9,240,72,4,668,668,Shola Ameobi,CRY,FWD,100,0,0,4.5
674,465,92,0,0,0,2,0,0,0,0,6,6,124,75,3,675,675,Chung-yong Lee,CRY,MD,100,0,6,5
678,416,605,0,0,1,9,1,0,0,0,77,101,222,56.6,15,679,679,Pape Souar_,CRY,DEF,100,0,77,4.3
682,363,0,0,0,0,0,0,0,0,0,0,0,72,49.5,0,683,683,Jake Gray,CRY,MD,,0,0,4.5
102,741,2872,10,6,9,40,1,0,0,12,580,381,-166090,338.2,135,103,103,Romelu Lukaku,EVE,FWD,100,7.3,580,8.7
129,741,2835,0,0,7,44,3,0,62,1,273,408,-478368,199,84,130,130,Tim Howard,EVE,GK,100,9.3,273,5.1
130,741,585,0,0,3,6,1,0,15,0,50,105,-812,186,26,131,131,Joel Robles,EVE,GK,,0.1,50,4.8
131,741,3285,4,0,10,47,1,0,0,21,486,824,138406,212.5,142,132,132,Phil Jagielka,EVE,DEF,100,15.9,486,5.8
132,741,329,0,0,0,5,0,0,0,0,37,56,-2079,165.7,7,133,133,Tony Hibbert,EVE,DEF,100,0.1,37,4.3
133,741,2773,2,9,9,41,4,0,0,21,481,721,-228626,270.1,139,134,134,Leighton Baines,EVE,DEF,100,13.1,481,7.1
134,741,1080,0,1,0,26,0,0,0,1,139,232,-88777,200.7,20,135,135,Sylvain Distin,EVE,DEF,100,1.4,139,5.2
135,741,0,0,0,0,0,0,0,0,0,0,0,-5993,152,0,136,136,Shane Duffy,EVE,DEF,0,0.1,0,4
136,741,3066,3,4,10,43,5,0,0,11,488,633,-45282,260.9,130,137,137,Seamus Coleman,EVE,DEF,100,5.5,488,6.8
137,741,526,0,0,2,6,1,1,0,0,71,117,-2110,162.8,15,138,138,Antolin Alcaraz,EVE,DEF,100,0.1,71,4.2
138,741,2043,1,0,7,25,1,0,0,11,282,476,-12694,200,82,139,139,John Stones,EVE,DEF,100,1.7,282,5.2
139,741,287,0,0,0,8,1,0,0,0,20,45,4296,148.8,3,140,140,Luke Garbutt,EVE,DEF,,0.3,20,3.9
140,741,31,0,0,0,0,0,0,0,0,5,6,-1139,152,2,141,141,Tyias Browning,EVE,DEF,,0.2,5,4
141,741,320,0,0,1,1,3,0,0,0,26,48,-181,183.3,9,142,142,Bryan Oviedo,EVE,DEF,100,0,26,4.7
142,741,1279,2,2,4,14,0,0,0,4,277,228,-37160,194.2,58,143,143,Leon Osman,EVE,MD,100,0.5,277,5
143,741,416,0,0,1,8,0,0,0,0,61,85,-3499,162.9,14,144,144,Darron Gibson,EVE,MD,100,0.4,61,4.2
144,741,1961,2,3,7,22,1,0,0,3,318,356,-339069,255.2,75,145,145,Ross Barkley,EVE,MD,100,3.3,318,6.6
145,741,317,0,2,0,5,1,0,0,1,53,51,-18846,220.4,18,146,146,Steven Pienaar,EVE,MD,100,0.3,53,5.7
146,741,1421,7,1,3,27,3,0,0,2,272,228,-89204,275.7,81,147,147,Kevin Mirallas,EVE,MD,100,2,272,7.2
147,741,2400,2,2,8,35,7,0,0,8,371,461,-32704,179.6,79,148,148,James McCarthy,EVE,MD,100,1.4,371,4.6
148,741,884,1,3,4,13,1,0,0,0,113,145,-4160,204.9,44,149,149,Aiden McGeady,EVE,MD,100,1,113,5.3
149,741,0,0,0,0,0,0,0,0,0,0,0,-55,165.6,0,150,150,Ryan Ledson,EVE,MD,,0,0,4.3
150,741,2822,0,2,9,41,10,1,0,0,377,444,-74118,181.1,66,151,151,Gareth Barry,EVE,MD,100,1.6,377,4.7
151,741,2057,7,3,6,32,8,0,0,16,381,414,85578,187.3,98,152,152,Steven Naismith,EVE,FWD,100,10.8,381,4.7
152,741,601,1,1,3,8,2,0,0,0,115,85,-1540,205.4,24,153,153,Arouna Kon_,EVE,FWD,100,0.1,115,5.4
153,741,0,0,0,0,0,0,0,0,0,0,0,-1659,164.7,0,154,154,Conor McAleny,EVE,FWD,0,0.1,0,4.3
377,741,1347,2,3,6,16,3,0,0,4,225,210,-13602,237.2,62,378,378,Aaron Lennon,EVE,MD,100,0.7,225,6.2
543,741,1284,0,0,3,16,8,0,0,0,145,203,-24469,176.4,29,544,544,Muhamed Besic,EVE,MD,100,0.3,145,4.5
566,741,113,0,1,0,5,0,0,0,0,17,43,-3729,218.7,9,567,567,Christian Atsu,EVE,MD,100,0.1,17,5.7
588,738,787,3,1,1,18,1,0,0,3,131,172,2538,195.9,39,589,589,Samuel Eto'o,EVE,FWD,0,0.6,131,5.2
650,570,0,0,0,0,0,0,0,0,0,0,0,1429,80,0,651,651,Russell Griffiths,EVE,GK,,0.1,0,4
699,75,173,0,0,0,2,1,0,0,0,22,19,93,8,3,700,700,Brendan Galloway,EVE,DEF,,0,22,4
154,742,2340,0,0,5,39,0,0,64,7,208,365,-3334,183.9,88,155,155,Allan McGregor,HUL,GK,100,2.3,208,4.7
155,742,852,0,0,4,10,0,0,30,3,88,161,342,168.2,42,156,156,Steve Harper,HUL,GK,100,0.2,88,4.4
156,742,581,0,2,1,9,0,0,0,0,75,132,-31090,160,26,157,157,Liam Rosenior,HUL,DEF,100,0.3,75,4.1
157,742,1868,2,0,8,21,5,1,0,8,231,395,-10829,167.1,82,158,158,James Chester,HUL,DEF,100,2.5,231,4.3
158,742,1694,1,0,5,22,2,0,0,1,177,287,32390,149.1,57,159,159,Paul McShane,HUL,DEF,100,2.4,177,3.9
159,742,0,0,0,0,0,0,0,0,0,0,0,358,150.8,0,160,160,Joe Dudgeon,HUL,DEF,100,0,0,3.9
160,742,1449,0,1,4,17,3,0,0,0,163,234,-244708,149.9,49,161,161,Alex Bruce,HUL,DEF,100,10.9,163,4
161,742,209,0,0,0,5,0,0,0,0,7,27,-23929,158.7,4,162,162,Maynor Figueroa,HUL,DEF,100,0.4,7,4.1
162,742,1812,0,0,4,31,2,0,0,5,159,316,-86069,183.2,47,163,163,Curtis Davies,HUL,DEF,100,1.7,159,4.7
163,742,1637,1,3,4,25,3,1,0,1,221,296,11164,169.8,57,164,164,Stephen Quinn,HUL,MD,100,0.7,221,4.4
164,742,1762,0,2,6,23,2,0,0,5,255,290,-5830,173.7,59,165,165,Robbie Brady,HUL,MD,100,0.2,255,4.4
165,742,1729,1,1,5,28,7,1,0,3,187,255,-825,180.6,51,166,166,David Meyler,HUL,MD,100,0.1,187,4.7
166,742,3420,2,5,10,51,4,0,0,7,463,589,46307,186.8,114,167,167,Ahmed Elmohamady,HUL,MD,100,2.4,463,5
168,742,2539,0,3,9,36,5,2,0,4,283,383,-50570,203.3,70,169,169,Tom Huddlestone,HUL,MD,100,1.2,283,5.3
169,742,3029,1,1,9,46,10,0,0,0,305,408,-24310,198.8,75,170,170,Jake Livermore,HUL,MD,0,0.5,305,5.1
170,742,1242,1,0,4,19,2,0,0,2,164,96,-1726,174.7,45,171,171,Sone Aluko,HUL,MD,100,0.1,164,4.4
171,742,301,0,0,1,4,0,0,0,0,44,19,-42739,194.1,9,172,172,Tom Ince,HUL,MD,0,0.5,44,5
172,742,39,0,0,0,0,0,0,0,0,7,4,-60059,214.2,1,173,173,Robert Snodgrass,HUL,MD,100,0.3,7,5.6
173,742,1805,8,1,8,25,3,0,0,6,225,238,-32445,220.2,84,174,174,Nikica Jelavic,HUL,FWD,100,1.1,225,5.6
174,742,0,0,0,0,0,0,0,0,0,0,0,-281,171,0,175,175,Nick Proschwitz,HUL,FWD,0,0,0,4.5
176,742,59,0,0,0,2,0,0,0,0,6,12,55,187,4,177,177,Yannick Sagbo,HUL,FWD,100,0,6,4.9
351,742,1014,1,3,2,15,1,1,0,3,151,158,-6723,206,45,352,352,Gast—n Ram’rez,HUL,MD,100,0.1,151,5.4
364,742,2432,1,0,7,42,7,0,0,3,267,393,-105346,176.7,71,365,365,Michael Dawson,HUL,DEF,100,1.5,267,4.6
510,742,934,4,0,2,21,2,0,0,4,125,154,7094,200.8,48,511,511,Mohamed Diam_,HUL,MD,100,0.8,125,5.1
544,742,1526,0,2,3,27,7,0,0,4,170,282,1165,165.5,45,545,545,Andrew Robertson,HUL,DEF,100,0.5,170,4.2
545,742,94,0,0,0,3,1,0,0,0,16,20,-2805,158.4,1,546,546,Harry Maguire,HUL,DEF,100,0.1,16,4.1
593,736,1313,4,1,4,17,2,0,0,1,178,149,4449,234,56,594,594,Abel Hern‡ndez,HUL,FWD,100,0.1,178,6.3
617,721,228,0,0,1,2,0,0,8,0,19,39,83691,128.7,11,618,618,Eldin Jakupovic,HUL,GK,,2.7,19,4
622,706,0,0,0,0,0,0,0,0,0,0,0,3400,120,0,623,623,Rory Watson,HUL,GK,100,0.1,0,4
675,466,1195,5,1,5,18,3,0,0,7,222,135,22642,82.5,55,676,676,Dame N'Doye,HUL,FWD,100,0.4,222,5.5
177,748,2160,0,0,6,37,0,0,80,6,249,366,-12754,169.2,83,178,178,Kasper Schmeichel,LEI,GK,100,4.9,249,4.5
178,748,720,0,0,3,8,0,0,19,2,76,126,169967,153.1,31,179,179,Ben Hamer,LEI,GK,100,6.8,76,4
179,748,3285,2,2,10,53,1,1,0,8,445,585,102853,169.1,112,180,180,Wes Morgan,LEI,DEF,100,3.2,445,4.6
180,748,1989,1,2,7,28,6,0,0,3,209,331,153822,148.4,72,181,181,Marcin Wasilewski,LEI,DEF,100,5.3,209,3.9
181,748,937,0,0,1,19,4,0,0,0,105,114,-8057,150.4,13,182,182,Liam Moore,LEI,DEF,100,1.4,105,3.9
182,748,1883,0,1,3,38,3,0,0,1,212,307,-7801,167.4,44,183,183,Ritchie de Laet,LEI,DEF,100,0.3,212,4.3
183,748,2531,3,2,8,40,4,0,0,2,307,403,91990,171,98,184,184,Jeffrey Schlupp,LEI,DEF,100,2.2,307,4.5
184,748,2244,1,1,5,38,3,2,0,5,241,356,6659,170.2,62,185,185,Paul Konchesky,LEI,DEF,100,0.6,241,4.4
185,748,373,0,0,1,8,0,0,0,0,34,45,-15764,148.7,6,186,186,Matthew Upson,LEI,DEF,100,0.5,34,3.9
186,748,1488,0,0,2,27,1,0,0,0,149,221,-14254,194.4,39,187,187,Daniel Drinkwater,LEI,MD,100,0.1,149,5
187,748,778,0,0,2,13,3,0,0,0,79,114,-2623,169.4,20,188,188,Dean Hammond,LEI,MD,100,0.1,79,4.4
188,748,1895,0,1,5,33,2,1,0,0,183,304,-6730,167.5,49,189,189,Matthew James,LEI,MD,0,0.1,183,4.4
189,748,2079,4,5,6,31,0,0,0,9,431,403,22736,186.7,102,190,190,Riyad Mahrez,LEI,MD,100,0.9,431,4.9
190,748,335,0,0,1,4,0,0,0,0,39,38,-3377,195,13,191,191,Anthony Knockaert,LEI,MD,100,0.1,39,5
191,748,1376,2,1,3,17,1,0,0,5,184,270,30370,165.5,57,192,192,Andy King,LEI,MD,100,1.6,184,4.2
192,748,18,0,0,0,1,0,0,0,0,0,2,-702,162.6,1,193,193,Gary Taylor-Fletcher,LEI,MD,,0.4,0,4.2
193,748,1031,2,4,6,9,3,0,0,8,225,239,34188,162.8,60,194,194,Marc Albrighton,LEI,MD,100,3.1,225,4.3
194,748,1711,5,2,3,31,3,0,0,4,272,215,-45009,189.9,70,195,195,David Nugent,LEI,FWD,100,0.4,272,4.9
195,748,2241,5,12,7,40,5,0,0,10,442,351,205799,180,120,196,196,Jamie Vardy,LEI,FWD,100,4.9,442,4.6
196,748,114,1,0,0,3,0,0,0,0,15,26,-6511,165.3,11,197,197,Chris Wood,LEI,FWD,100,0.8,15,4.3
197,748,0,0,0,0,0,0,0,0,0,0,0,-1236,162.7,0,198,198,Jack Barmby,LEI,FWD,,0.2,0,4.2
286,748,54,0,0,0,0,0,0,0,0,-2,5,-394,165.7,3,287,287,Tom Lawrence,LEI,FWD,,0.1,-2,4.3
323,748,1252,0,0,2,21,4,0,0,0,99,171,-3987,160.6,25,324,324,Danny Simpson,LEI,DEF,100,0.2,99,4.1
398,748,1182,1,0,6,13,2,0,0,4,132,230,281,180.7,55,399,399,Robert Huth,LEI,DEF,100,0.5,132,4.7
531,748,2398,11,4,9,38,3,0,0,14,446,413,297892,199.3,130,532,532,Leonardo Ulloa,LEI,FWD,100,8.1,446,5
537,748,0,0,0,0,0,0,0,0,0,0,0,-8761,152,0,538,538,Zoumana Bakayogo,LEI,DEF,100,0.2,0,4
572,748,0,0,0,0,0,0,0,0,0,0,0,659,168.3,0,573,573,Tom Hopper,LEI,FWD,100,0.1,0,4.4
591,745,2415,5,2,8,37,1,0,0,9,331,429,135333,172,103,592,592,Esteban Cambiasso,LEI,MD,100,2.5,331,4.8
608,742,0,0,0,0,0,0,0,0,0,0,0,3338,140,0,609,609,Adam Smith,LEI,GK,,0.1,0,4
643,628,540,0,0,1,10,0,0,23,2,44,89,1667,103.5,19,644,644,Mark Schwarzer,LEI,GK,,0.1,44,4.5
662,517,577,2,0,2,8,0,0,0,1,99,97,2753,91.2,27,663,663,Andrej Kramaric,LEI,FWD,,0.1,99,5
198,742,0,0,0,0,0,0,0,0,0,0,0,-541,209,0,199,199,Jose Reina,LIV,GK,0,0,0,5.5
199,742,3225,0,0,14,43,0,0,89,6,384,604,194796,202.9,149,200,200,Simon Mignolet,LIV,GK,100,9.8,384,5.4
201,742,1332,1,1,4,17,2,0,0,5,178,275,-49108,200.6,57,202,202,Glen Johnson,LIV,DEF,100,0.7,178,5.2
202,742,2970,1,0,12,41,8,0,0,25,405,705,12615,223.5,124,203,203,Martin Skrtel,LIV,DEF,100,9.1,405,5.9
203,742,0,0,0,0,0,0,0,0,0,0,0,-8374,205.4,0,204,204,Daniel Agger,LIV,DEF,0,0.2,0,5.4
204,742,205,0,0,1,2,0,0,0,0,35,37,-15792,175.1,9,205,205,Jos_ Enrique Sanchez Diaz,LIV,DEF,100,0.2,35,4.5
207,742,0,0,0,0,0,0,0,0,0,0,0,-457,152,0,208,208,Conor Coady,LIV,DEF,0,0,0,4
208,742,712,0,0,2,12,0,0,0,3,84,157,-10039,180.5,25,209,209,Kolo Tour_,LIV,DEF,100,0.5,84,4.7
209,742,0,0,0,0,0,0,0,0,0,0,0,-17801,180.8,0,210,210,Jon Flanagan,LIV,DEF,0,0.2,0,4.7
210,742,1419,0,0,7,21,1,0,0,10,184,377,-12069,198.5,60,211,211,Mamadou Sakho,LIV,DEF,100,0.8,184,5.1
211,742,0,0,0,0,0,0,0,0,0,0,0,-5348,152,0,212,212,Tiago Ilori,LIV,DEF,0,0.1,0,4
212,742,0,0,0,0,0,0,0,0,0,0,0,-678,152,0,213,213,Brad Smith,LIV,DEF,0,0,0,4
213,742,2236,9,1,5,40,7,1,0,20,449,543,-107623,330.3,114,214,214,Steven Gerrard,LIV,MD,100,4,449,8.6
214,742,1313,0,0,7,20,4,0,0,0,220,231,-10397,164.6,37,215,215,Leiva Lucas,LIV,MD,100,1,220,4.3
215,742,3256,6,10,13,45,6,0,0,22,612,725,427459,235.3,162,216,216,Jordan Henderson,LIV,MD,100,22,612,6.6
216,742,3047,7,10,13,39,5,0,0,16,673,513,141184,323.7,158,217,217,Raheem Sterling,LIV,MD,100,28.4,673,8.3
217,742,1470,1,1,9,22,3,0,0,3,202,290,605,186.7,55,218,218,Joe Allen,LIV,MD,100,0.1,202,4.8
218,742,2792,5,7,11,43,3,0,0,15,620,558,108865,294.1,134,219,219,Philippe Coutinho,LIV,MD,100,9.3,620,7.9
219,742,617,0,0,3,7,0,0,0,0,92,78,14516,166.8,21,220,220,Jordon Ibe,LIV,MD,100,0.5,92,4.3
220,742,0,0,0,0,0,0,0,0,0,0,0,-1231,179.8,0,221,221,Jesœs Fern‡ndez Saez,LIV,MD,0,0,0,4.7
221,742,0,0,0,0,0,0,0,0,0,0,0,-184,167.6,0,222,222,Jordan Rossiter,LIV,MD,100,0,0,4.4
222,742,0,0,0,0,0,0,0,0,0,0,0,-889,171,0,223,223,Jo‹o Carlos Vilaça Teixeira,LIV,MD,0,0,0,4.5
223,742,231,0,1,0,4,1,0,0,0,46,33,-1690,183.5,13,224,224,Oussama Assaidi,LIV,MD,0,0,46,4.8
224,742,2064,1,1,11,27,2,1,0,3,294,404,-7686,198.3,66,225,225,Emre Can,LIV,MD,100,0.3,294,5.2
225,742,1779,5,3,9,22,4,0,0,7,350,346,-9399,317.2,93,226,226,Adam Lallana,LIV,MD,100,0.5,350,8.3
226,742,752,4,3,3,9,0,0,0,2,192,152,-682189,425,46,227,227,Daniel Sturridge,LIV,FWD,0,7.7,192,11.1
227,742,0,0,0,0,0,0,0,0,0,0,0,-7,228,0,228,228,Iago Aspas,LIV,FWD,,0,0,6
228,742,839,2,4,2,11,2,0,0,0,163,144,-172415,263.1,50,229,229,Rickie Lambert,LIV,FWD,,1.8,163,6.8
229,742,399,1,1,2,7,1,1,0,1,53,48,-11795,230.5,19,230,230,Fabio Borini,LIV,FWD,100,0.2,53,6
343,742,2037,0,0,6,28,4,0,0,5,195,407,-709429,193.4,66,344,344,Dejan Lovren,LIV,DEF,100,9.9,195,4.9
523,742,934,2,1,4,11,0,0,0,3,150,186,-6184,273.8,47,524,524,Lazar Markovic,LIV,MD,100,0.2,150,7
549,742,759,0,0,2,11,3,0,0,1,93,116,-12975,176.3,22,550,550,Javier Manquillo,LIV,DEF,,0.3,93,4.4
554,742,195,0,0,0,5,0,0,4,0,13,23,-470,186.9,4,555,555,Bradley Jones,LIV,GK,100,0,13,4.9
578,741,2254,2,0,10,33,6,0,0,7,290,457,220215,195.5,94,579,579,Alberto Moreno,LIV,DEF,100,5.4,290,5.1
586,739,939,1,2,4,11,5,0,0,1,172,44,21268,337.2,32,587,587,Mario Balotelli,LIV,FWD,100,1.2,172,9.2
649,589,0,0,0,0,0,0,0,0,0,0,0,23,105,0,650,650,Oluwaseyi Ojo,LIV,MD,,0,0,5
651,571,0,0,0,0,0,0,0,0,0,0,0,3744,80,0,652,652,Danny Ward,LIV,GK,100,0.1,0,4
663,511,0,0,0,0,0,0,0,0,0,0,0,776,68,0,664,664,Jordan Williams,LIV,DEF,100,0,0,4
690,277,0,0,0,0,0,0,0,0,0,0,0,95,36,0,691,691,Cameron Brannagan,LIV,MD,,0,0,4.5
698,111,27,0,0,0,1,0,0,0,0,2,7,90,13.5,2,699,699,Jerome Sinclair,LIV,FWD,,0,2,4.5
230,741,3240,0,0,14,34,1,0,87,3,414,558,14524,230.5,142,231,231,Joe Hart,MCI,GK,,7,414,6.1
231,741,180,0,0,0,4,0,0,6,0,30,24,-2862,199.4,3,232,232,Willy Caballero,MCI,GK,,0.1,30,5.1
232,741,1489,2,3,9,12,4,0,0,6,330,397,-110616,219.1,92,233,233,Aleksandar Kolarov,MCI,DEF,100,4.2,330,5.8
233,741,0,0,0,0,0,0,0,0,0,0,0,-4301,186.4,0,234,234,Micah Richards,MCI,DEF,0,0.1,0,4.9
234,741,2585,1,4,11,30,6,1,0,8,410,607,-52758,245.3,106,235,235,Pablo Zabaleta,MCI,DEF,100,5.3,410,6.4
235,741,2034,0,0,7,23,7,0,0,5,246,417,-161567,244.3,66,236,236,Vincent Kompany,MCI,DEF,100,8.5,246,6.4
236,741,2057,1,3,6,27,1,0,0,18,351,505,89486,209,93,237,237,Ga‘l Clichy,MCI,DEF,100,7.4,351,5.3
237,741,0,0,0,0,0,0,0,0,0,0,0,-480,171,0,238,238,Karim Rekik,MCI,DEF,0,0,0,4.5
238,741,0,0,0,0,0,0,0,0,0,0,0,-13374,195.3,0,239,239,Matija Nastasic,MCI,DEF,0,0.2,0,5.1
239,741,92,0,0,0,1,1,0,0,0,16,17,-1407,161.6,2,240,240,Dedryck Boyata,MCI,DEF,100,0.1,16,4.2
240,741,2562,1,0,9,30,6,0,0,1,353,540,-5745,225.2,84,241,241,Mart’n Demichelis,MCI,DEF,100,1.4,353,5.9
241,741,741,0,0,2,9,1,0,0,0,106,142,-70083,197.1,22,242,242,Bacary Sagna,MCI,DEF,100,1.3,106,5.1
243,741,1570,2,6,7,17,5,0,0,6,372,398,-147148,312.9,78,244,244,Samir Nasri,MCI,MD,100,1.7,372,8.2
244,741,2646,12,12,12,32,8,0,0,28,742,790,502287,352.9,191,245,245,David Silva,MCI,MD,100,24.9,742,9.8
245,741,2353,10,1,12,24,5,0,0,19,595,592,-393408,408.4,134,246,246,Gnegneri Yaya Tour_,MCI,MD,100,6.9,595,10.8
246,741,1749,5,8,7,19,6,0,0,8,427,393,30921,204.9,107,247,247,James Milner,MCI,MD,100,1.7,427,5.4
247,741,0,0,0,0,0,0,0,0,0,0,0,-7770,171,0,248,248,Francisco Javier Garc’a Fern‡ndez,MCI,MD,0,0.1,0,4.5
248,741,2254,0,9,7,29,3,0,0,12,460,546,-26483,274.8,101,249,249,Jesœs Navas,MCI,MD,100,1.1,460,7.2
249,741,2267,3,4,7,33,7,0,0,10,439,531,-15788,260.4,95,250,250,Fernando Luiz Rosa,MCI,MD,100,0.8,439,6.8
251,741,1879,2,2,9,17,6,0,0,3,337,379,-17933,184.4,67,252,252,Fernando Francisco Reges,MCI,MD,100,0.5,337,4.8
252,741,932,4,4,5,9,1,0,0,3,202,196,-288389,307.6,61,253,253,Edin Dzeko,MCI,FWD,100,3.7,202,7.9
253,741,2532,26,10,9,31,4,0,0,27,915,831,807359,476.4,216,254,254,Sergio AgŸero,MCI,FWD,100,30,915,12.9
254,741,0,0,0,0,0,0,0,0,0,0,0,-1429,342,0,255,255,çlvaro Negredo,MCI,FWD,0,0,0,9
255,741,784,5,3,4,7,0,0,0,9,236,262,-120158,298.8,62,256,256,Stevan Jovetic,MCI,FWD,100,2.8,236,7.8
471,741,1598,11,3,8,19,3,1,0,14,448,389,-137602,315.1,108,472,472,Wilfried Bony,MCI,FWD,100,3.8,448,8.1
550,741,1002,6,2,5,7,1,0,0,2,344,277,5120,201.5,79,551,551,Frank Lampard,MCI,MD,100,1.2,344,5
558,741,0,0,0,0,0,0,0,0,0,0,0,-875,209,0,559,559,Bruno Zuculini,MCI,MD,0,0,0,5.5
561,741,2188,0,2,12,22,3,1,0,9,312,491,-50386,228,95,562,562,Eliaquim Mangala,MCI,DEF,100,1,312,6
613,726,137,0,0,1,0,0,0,0,0,34,2,172,160.3,4,614,614,Jose Pozo,MCI,FWD,100,0,34,4.7
638,650,0,0,0,0,0,0,0,0,0,0,0,162,112.5,0,639,639,Jose Angel Esmoris Tasende,MCI,DEF,,0,0,4.5
646,605,0,0,0,0,0,0,0,0,0,0,0,337,99,0,647,647,Thierry Ambrose,MCI,FWD,,0,0,4.5
256,741,3313,0,0,11,36,0,0,93,3,424,558,95163,216.3,138,257,257,David de Gea,MUN,GK,100,22.2,424,5.8
257,741,0,0,0,0,0,0,0,0,0,0,0,-1305,184.3,0,258,258,Anders Lindegaard,MUN,GK,,0.1,0,4.8
258,741,1878,4,0,5,24,1,1,0,11,340,457,-2257,202,91,259,259,Chris Smalling,MUN,DEF,100,1.9,340,5.3
259,741,1876,0,1,6,18,3,0,0,9,258,449,-174339,198.7,73,260,260,Phil Jones,MUN,DEF,100,2.5,258,5
260,741,592,0,1,1,11,2,0,0,3,89,134,-20954,198.9,21,261,261,Rafael Pereira da Silva,MUN,DEF,100,0.5,89,5.1
261,741,0,0,0,0,0,0,0,0,0,0,0,-1412,209,0,262,262,Patrice Evra,MUN,DEF,0,0.1,0,5.5
262,741,1090,0,0,6,7,1,0,0,5,172,270,-9716,197.4,53,263,263,Jonny Evans,MUN,DEF,100,0.3,172,5
263,741,0,0,0,0,0,0,0,0,0,0,0,-3078,163.8,0,264,264,Guillermo Varela,MUN,DEF,0,0,0,4.3
265,741,1121,0,0,2,14,1,1,0,4,135,217,-148383,218.8,34,266,266,Luke Shaw,MUN,DEF,100,2.5,135,5.7
266,741,2304,9,4,7,25,2,0,0,17,495,616,-362241,323.8,138,267,267,Juan Mata,MUN,MD,100,10.5,495,8.5
267,741,1831,6,2,6,17,5,1,0,10,433,344,49088,240.9,89,268,268,Marouane Fellaini,MUN,MD,0,2,433,6.4
268,741,2580,0,5,11,21,4,0,0,6,468,571,-1419,220.5,88,269,269,Antonio Valencia,MUN,MD,100,0.7,468,5.7
269,741,45,0,0,0,1,0,0,0,0,5,3,-27751,266,1,270,270,Luis Nani,MUN,MD,0,0.6,5,7
270,741,21,0,0,0,0,0,0,0,0,3,4,-514,181.8,1,271,271,Anderson Oliveira,MUN,MD,,0,3,4.7
271,741,1457,1,2,7,11,1,0,0,6,293,310,801,205.5,57,272,272,Michael Carrick,MUN,MD,100,0.1,293,5.4
274,741,2065,2,6,9,18,5,0,0,9,397,399,-124819,189.4,89,275,275,Ashley Young,MUN,MD,100,2.9,397,5.1
275,741,43,0,0,0,1,0,0,0,0,-6,7,-76,174.4,3,276,276,Nick Powell,MUN,MD,100,0,-6,4.4
276,741,0,0,0,0,0,0,0,0,0,0,0,-10160,239.8,0,277,277,Shinji Kagawa,MUN,MD,0,0.2,0,6.3
277,741,23,0,0,0,0,0,0,0,0,2,3,-5998,164.5,1,278,278,Jesse Lingard,MUN,MD,0,0.1,2,4.3
278,741,856,0,1,2,10,0,0,0,0,105,87,-61498,234.1,31,279,279,Adnan Januzaj,MUN,MD,100,1.1,105,6.1
280,741,1870,6,4,6,23,6,0,0,11,393,477,-225273,273.7,98,281,281,Ander Herrera,MUN,MD,100,3.1,393,7.2
281,741,2108,10,2,9,23,5,0,0,14,482,350,-37872,467,105,282,282,Robin van Persie,MUN,FWD,100,2,482,12
282,741,45,0,0,0,1,0,0,0,0,3,2,-23569,224.4,1,283,283,Javier Hern‡ndez,MUN,FWD,0,0.3,3,5.9
283,741,2872,12,5,11,30,5,1,0,15,637,692,-977402,400.9,132,284,284,Wayne Rooney,MUN,FWD,100,15.5,637,10.6
285,741,357,1,0,1,3,3,0,0,0,74,44,-6739,166.6,16,286,286,James Wilson,MUN,FWD,100,0.3,74,4.3
564,741,0,0,0,0,0,0,0,0,0,0,0,-8118,164.1,0,565,565,Reece James,MUN,DEF,100,0.1,0,4.3
565,741,653,0,0,2,11,3,1,0,2,66,121,-5550,157,16,566,566,Tyler Blackett,MUN,DEF,100,0.9,66,3.9
573,741,0,0,0,0,0,0,0,0,0,0,0,44,171,0,574,574,Ben Amos,MUN,GK,100,0,0,4.5
581,740,1762,0,0,7,19,6,0,0,5,263,391,4798,217.1,64,582,582,Marcos Rojo,MUN,DEF,100,0.7,263,5.7
587,738,1641,3,12,4,20,1,0,0,10,416,400,208022,347,107,588,588,çngel Di Mar’a,MUN,MD,100,9.5,416,9.4
596,735,2170,2,3,7,27,4,0,0,11,362,438,23237,182,82,597,597,Daley Blind,MUN,MD,100,1,362,4.9
602,735,1288,4,5,5,15,2,0,0,7,292,194,35567,368.7,76,603,603,Radamel Falcao Garcia,MUN,FWD,100,1.8,292,10.3
610,735,14,0,0,0,0,0,0,0,0,2,2,74,175,1,611,611,Andreas Pereira,MUN,MD,100,0,2,5
615,726,1028,0,0,2,14,2,0,0,3,144,205,6046,145.5,34,616,616,Patrick McNair,MUN,DEF,100,0.2,144,4.4
616,726,1,0,0,0,0,0,0,0,0,0,3,529,132,1,617,617,Tom Thorpe,MUN,DEF,,0,0,4
624,686,0,0,0,0,0,0,0,0,0,0,0,336,112,0,625,625,Marnick Vermijl,MUN,DEF,,0,0,4
637,650,0,0,0,0,0,0,0,0,0,0,0,95,112.5,0,638,638,Will Keane,MUN,FWD,0,0,0,4.5
653,531,107,0,0,1,1,0,0,7,2,16,33,3847,89.4,11,654,654,V’ctor Vald_s,MUN,GK,100,0.1,16,4.9
287,741,2700,0,1,8,47,1,0,83,5,277,436,-220187,169.5,99,288,288,Tim Krul,NEW,GK,100,12.8,277,4.4
288,741,225,0,0,0,2,0,0,5,0,20,28,-16766,152,5,289,289,Robert Elliot,NEW,GK,100,2.4,20,4
289,741,2419,1,1,5,52,5,2,0,2,222,383,-9963,166.3,58,290,290,Michael Williamson,NEW,DEF,100,0.5,222,4.3
290,741,652,1,0,2,7,2,1,0,0,95,92,-38865,147.5,24,291,291,Steven Taylor,NEW,DEF,100,2.9,95,3.8
291,741,2835,1,0,7,56,3,1,0,9,292,515,-28074,171,80,292,292,Fabricio Coloccini,NEW,DEF,100,3.3,292,4.5
292,741,906,0,1,1,20,3,0,0,3,111,169,1460,167.5,23,293,293,Ryan Taylor,NEW,DEF,100,0.1,111,4.4
293,741,0,0,0,0,0,0,0,0,0,0,0,-3045,165.2,0,294,294,Davide Santon,NEW,DEF,0,0.1,0,4.3
295,741,0,0,0,0,0,0,0,0,0,0,0,-7621,167.4,0,296,296,Mapou Yanga-Mbiwa,NEW,DEF,0,0.1,0,4.4
296,741,1101,0,1,4,19,0,0,0,4,135,220,9883,160.4,44,297,297,Massadio Haidara,NEW,DEF,100,0.4,135,4.1
297,741,2107,0,0,6,34,4,0,0,3,201,349,-35095,159,58,298,298,Paul Dummett,NEW,DEF,100,4.7,201,4.1
298,741,0,0,0,0,0,0,0,0,0,0,0,-41,148.9,0,299,299,Lubomir Satka,NEW,DEF,,0.2,0,3.9
299,741,652,1,1,2,10,0,0,0,3,95,109,-665,165.9,31,300,300,Gabriel Obertan,NEW,MD,100,0.2,95,4.3
300,741,895,0,2,1,19,5,0,0,0,113,156,-52422,164.9,23,301,301,Cheick Tiot_,NEW,MD,100,1.1,113,4.3
301,741,383,0,0,1,5,1,0,0,0,33,39,-22681,212.7,11,302,302,Hatem Ben Arfa,NEW,MD,0,0.5,33,5.5
302,741,0,0,0,0,0,0,0,0,0,0,0,-1782,171,0,303,303,Shane Ferguson,NEW,MD,100,0,0,4.5
303,741,664,0,0,3,9,0,0,0,0,64,97,-257,165.7,22,304,304,Mehdi Abeid,NEW,MD,100,0,64,4.3
304,741,0,0,0,0,0,0,0,0,0,0,0,-31,171,0,305,305,Sylvain Marveaux,NEW,MD,0,0,0,4.5
305,741,0,0,0,0,0,0,0,0,0,0,0,-414,167.6,0,306,306,Gael Bigirimana,NEW,MD,0,0,0,4.4
306,741,1267,0,0,4,25,3,0,0,0,104,167,-2172,181.4,33,307,307,Vurnon Anita,NEW,MD,100,0.1,104,4.7
307,741,3029,4,3,8,51,7,2,0,11,454,424,-28053,221.4,103,308,308,Moussa Sissoko,NEW,MD,100,1.8,454,5.8
308,741,3128,4,7,7,61,12,0,0,8,439,600,73443,183.4,114,309,309,Jack Colback,NEW,MD,100,2.9,439,4.7
309,741,638,1,1,1,13,4,0,0,3,98,139,-1679,163.1,24,310,310,Jon‡s Guti_rrez,NEW,MD,100,0.3,98,4.2
310,741,1968,2,1,2,44,3,0,0,4,260,287,-21575,235.1,67,311,311,Yoan Gouffran,NEW,MD,100,0.5,260,6
311,741,1419,2,3,9,12,2,0,0,0,233,197,72905,166.1,64,312,312,Sammy Ameobi,NEW,MD,100,2.4,233,4.2
312,741,149,1,0,0,2,0,0,0,0,27,38,-22150,259.8,10,313,313,Siem de Jong,NEW,MD,100,0.4,27,6.8
313,741,1158,11,1,3,16,1,0,0,20,343,326,17444,212.7,97,314,314,Papiss Demba Ciss_,NEW,FWD,100,0.9,343,5.2
314,741,0,0,0,0,0,0,0,0,0,0,0,-3687,167.6,0,315,315,Adam Campbell,NEW,FWD,100,0.1,0,4.4
315,741,211,0,1,0,8,1,0,0,0,18,35,-1778,164.7,14,316,316,Adam Armstrong,NEW,FWD,100,0.2,18,4.3
316,741,2372,7,0,3,50,0,0,0,10,385,301,53579,177.3,98,317,317,Ayoze P_rez Guti_rrez,NEW,FWD,,1.8,385,4.3
524,741,1943,1,3,5,34,2,0,0,3,285,342,-44741,272.2,71,525,525,R_my Cabella,NEW,MD,100,0.9,285,7
525,741,1209,1,2,3,26,0,0,0,1,107,88,-31825,256.5,46,526,526,Emmanuel Riviere,NEW,FWD,100,0.4,107,6.7
526,741,3251,1,8,8,60,7,1,0,14,388,617,142533,197.6,118,527,527,Daryl Janmaat,NEW,DEF,100,7.5,388,5.3
548,741,0,0,0,0,0,0,0,0,0,0,0,-3949,216,0,549,549,Facundo Ferreyra,NEW,FWD,100,0.1,0,5.6
562,741,132,1,1,1,2,1,0,0,0,25,28,-882,184,13,563,563,Rolando Aarons,NEW,MD,100,0.1,25,4.7
628,675,0,0,0,0,0,0,0,0,0,0,0,305,108,0,629,629,Remie Streete,NEW,DEF,0,0,0,4
635,663,495,0,0,0,14,0,0,10,0,42,58,20975,103.9,7,636,636,Jak Alnwick,NEW,GK,100,0.7,42,3.9
641,621,9,0,0,0,0,0,0,0,0,1,3,53,101.7,1,642,642,Haris Vuckic,NEW,MD,0,0,1,4.4
642,621,0,0,0,0,0,0,0,0,0,0,0,951,92,0,643,643,Freddie Woodman,NEW,GK,,0,0,4
689,306,0,0,0,0,0,0,0,0,0,0,0,99,40.5,0,690,690,Olivier Kemen,NEW,MD,,0,0,4.5
694,245,0,0,0,0,0,0,0,0,0,0,0,446,28,0,695,695,Jamie Sterry,NEW,DEF,,0,0,4
317,740,3183,0,0,6,65,1,0,129,7,325,548,41503,171.3,114,318,318,Robert Green,QPR,GK,100,2.5,325,4.5
318,740,0,0,0,0,0,0,0,0,0,0,0,-4890,151.5,0,319,319,Brian Murphy,QPR,GK,,1.8,0,3.9
319,740,1870,0,0,5,39,7,0,0,2,224,278,-6820,163.3,41,320,320,Richard Dunne,QPR,DEF,100,0.2,224,4.2
320,740,1407,1,0,4,31,4,0,0,0,151,211,-697,163.5,40,321,321,Clint Hill,QPR,DEF,100,0.1,151,4.2
321,740,1925,0,1,1,41,2,1,0,0,163,250,-2685,164,28,322,322,Nedum Onuoha,QPR,DEF,100,0.1,163,4.3
322,740,1722,0,0,3,39,4,0,0,0,164,214,53654,148.6,33,323,323,Suk-Young Yun,QPR,DEF,100,1.7,164,3.9
324,740,786,0,0,1,19,2,0,0,0,68,114,-8170,165.6,22,325,325,Armand Traore,QPR,MD,100,0.3,68,4.3
325,740,91,0,0,0,1,0,0,0,0,7,19,-6258,163,3,326,326,Alejandro Faurlin,QPR,MD,100,0.1,7,4.2
326,740,2504,0,0,5,51,8,0,0,0,183,290,5763,167.5,57,327,327,Karl Henry,QPR,MD,,0.2,183,4.4
327,740,2348,1,3,5,48,11,1,0,3,325,366,-13458,183.4,61,328,328,Joey Barton,QPR,MD,100,0.2,325,4.8
328,740,0,0,0,0,0,0,0,0,0,0,0,-10172,167.4,0,329,329,Jermaine Jenas,QPR,MD,,0.2,0,4.4
329,740,0,0,0,0,0,0,0,0,0,0,0,-2468,167.5,0,330,330,Gary O'Neil,QPR,MD,,0,0,4.4
330,740,886,0,1,2,22,2,0,0,0,50,59,-15430,171.7,30,331,331,Junior Hoilett,QPR,MD,,0.2,50,4.3
331,740,129,0,0,0,4,0,0,0,0,22,19,-6982,175.1,5,332,332,Shaun Wright-Phillips,QPR,MD,,0.2,22,4.5
332,740,1821,3,8,2,47,1,0,0,7,252,256,71103,179.3,89,333,333,Matthew Phillips,QPR,MD,,0.9,252,4.6
333,740,297,0,0,1,6,0,0,0,0,17,48,-7986,202.1,11,334,334,Adel Taarabt,QPR,MD,100,0.1,17,5.3
335,740,1779,3,5,7,25,4,0,0,2,198,232,-46421,160.8,74,336,336,Bobby Zamora,QPR,FWD,100,3.1,198,4.1
336,740,3065,18,8,5,65,4,1,0,22,769,567,857059,233.4,176,337,337,Charlie Austin,QPR,FWD,100,16.5,769,6.1
376,740,1210,1,0,4,20,6,0,0,0,130,139,-2917,184.6,33,377,377,Sandro Ranieri Guimaraes Cordeiro,QPR,MD,100,0.1,130,4.8
520,740,487,2,1,1,7,2,0,0,3,135,86,-18117,235.2,27,521,521,Mauro Z‡rate,QPR,FWD,100,0.4,135,6.1
528,740,990,0,0,2,21,2,0,0,1,87,187,-151493,161.8,19,529,529,Rio Ferdinand,QPR,DEF,100,2.3,87,4.2
533,740,3015,1,1,6,61,1,0,0,2,308,500,-277132,179.4,74,534,534,Steven Caulker,QPR,DEF,100,4.8,308,4.6
556,740,2131,0,2,5,43,4,0,0,11,259,404,-11824,179.3,64,557,557,Mauricio Isla,QPR,DEF,100,0.3,259,4.6
582,739,2362,6,4,5,53,4,0,0,14,338,436,20059,201.4,113,583,583,Leroy Fer,QPR,MD,100,0.7,338,5.2
584,739,1382,4,2,2,31,1,0,0,4,234,225,867,232,61,585,585,Eduardo Vargas,QPR,FWD,100,0.1,234,6.1
599,734,1120,2,1,1,28,2,0,0,4,134,187,4615,163.3,49,600,600,Niko Kranjcar,QPR,MD,100,0.1,134,4.3
606,734,237,0,0,0,8,0,0,11,0,27,31,15072,140,4,607,607,Alex McCarthy,QPR,GK,100,0.6,27,4
677,440,54,0,0,0,2,0,0,0,0,5,11,29,63,3,678,678,Michael Doughty,QPR,MD,100,0,5,4.5
679,415,225,0,0,0,7,1,0,0,0,22,26,330,51.1,1,680,680,Darnell Furlong,QPR,DEF,100,0,22,3.9
683,389,144,0,0,0,5,0,0,0,0,10,7,53,52.6,5,684,684,Reece Grego-Cox,QPR,MD,,0,10,4.3
684,389,11,0,0,0,1,0,0,0,0,1,3,121,53.6,1,685,685,Brandon Comley,QPR,MD,,0,1,4.4
691,274,0,0,0,0,0,0,0,0,0,0,0,65,36,0,692,692,Frankie Sutherland,QPR,MD,,0,0,4.5
693,274,0,0,0,0,0,0,0,0,0,0,0,116,36,0,694,694,Aaron Mitchell,QPR,MD,,0,0,4.5
709,38,6,0,0,0,1,0,0,0,0,0,1,0,4,1,710,710,Cole Kpekawa,QPR,DEF,,0,0,4
710,38,0,0,0,0,0,0,0,0,0,0,0,0,4.5,0,711,711,Michael Petrasso,QPR,MD,,0,0,4.5
83,741,3053,2,3,13,30,3,1,0,13,465,641,610075,212.2,140,84,84,Ryan Bertrand,SOU,DEF,100,20.8,465,5.8
175,741,1545,5,6,7,15,2,0,0,7,327,292,-105136,210.3,89,176,176,Shane Long,SOU,FWD,100,1.4,327,5.4
337,741,180,0,0,0,3,0,0,4,0,18,17,-367,166.9,4,338,338,Paulo Gazzaniga,SOU,GK,,0.1,18,4.3
338,741,0,0,0,0,0,0,0,0,0,0,0,-15159,180.8,0,339,339,Artur Boruc,SOU,GK,0,0.2,0,4.7
339,741,0,0,0,0,0,0,0,0,0,0,0,-14468,152,0,340,340,Jos Hooiveld,SOU,DEF,0,0.2,0,4
340,741,3330,0,1,15,32,5,0,0,16,409,757,143703,215.9,139,341,341,Jose Fonte,SOU,DEF,100,13.4,409,5.8
341,741,3146,2,2,13,32,4,0,0,15,442,664,912936,219.5,142,342,342,Nathaniel Clyne,SOU,DEF,100,32.5,442,5.9
342,741,1692,1,1,6,21,3,0,0,10,211,354,63133,162.7,73,343,343,Maya Yoshida,SOU,DEF,100,2.3,211,4.1
345,741,0,0,0,0,0,0,0,0,0,0,0,-2139,148.9,0,346,346,Jack Stephens,SOU,DEF,,0.2,0,3.9
346,741,226,0,0,0,3,0,0,0,0,28,41,1122,148.5,7,347,347,Matt Targett,SOU,DEF,100,0.4,28,3.9
348,741,2186,4,2,11,16,5,1,0,12,396,518,66387,213.5,90,349,349,Morgan Schneiderlin,SOU,MD,100,5.6,396,5.5
349,741,2637,0,2,11,24,3,0,0,2,344,497,-102633,180.4,79,350,350,Steven Davis,SOU,MD,100,1.7,344,4.7
350,741,1476,1,8,6,15,0,1,0,2,302,266,-14290,184.1,72,351,351,James Ward-Prowse,SOU,MD,100,1.1,302,4.8
352,741,2360,3,1,8,26,10,0,0,8,324,469,31082,175.9,80,353,353,Victor Wanyama,SOU,MD,100,3.9,324,4.6
353,741,9,0,0,0,0,0,0,0,0,1,3,10675,161.6,1,354,354,Lloyd Isgrove,SOU,MD,100,0.5,1,4.2
354,741,460,0,0,3,3,0,0,0,0,63,89,4,164.7,17,355,355,Harrison Reed,SOU,MD,,0.1,63,4.3
355,741,2057,4,9,9,16,2,0,0,13,499,431,45190,289.5,117,356,356,Dusan Tadic,SOU,MD,100,3.6,499,7.4
356,741,0,0,0,0,0,0,0,0,0,0,0,-1734,171,0,357,357,Billy Sharp,SOU,FWD,0,0,0,4.5
357,741,0,0,0,0,0,0,0,0,0,0,0,-3981,279.7,0,358,358,Jay Rodriguez,SOU,FWD,0,0.1,0,7.3
358,741,54,0,0,0,2,0,0,0,0,4,9,-811,181.6,5,359,359,Emmanuel Mayuka,SOU,FWD,100,0,4,4.7
359,741,0,0,0,0,0,0,0,0,0,0,0,-743,266,0,360,360,Pablo Osvaldo,SOU,FWD,0,0,0,7
360,741,0,0,0,0,0,0,0,0,0,0,0,-1196,180.1,0,361,361,Sam Gallagher,SOU,FWD,100,0,0,4.7
361,741,3281,12,6,16,31,6,0,0,14,548,413,279310,296.6,149,362,362,Graziano Pellè,SOU,FWD,100,11.5,548,7.5
555,741,0,0,0,0,0,0,0,0,0,0,0,-2806,205.4,0,556,556,Saphir Ta•der,SOU,MD,0,0,0,5.4
559,741,2623,0,0,13,21,1,0,61,0,308,442,129076,202.7,118,560,560,Fraser Forster,SOU,GK,0,6.7,308,5.3
568,741,574,0,0,4,3,1,0,0,4,86,153,1026,177.9,35,569,569,Florin Gardos,SOU,DEF,100,0.1,86,4
576,741,617,0,0,2,9,0,0,14,0,55,89,49599,170.6,22,577,577,Kelvin Davis,SOU,GK,,1.5,55,4.5
600,735,2261,1,0,9,23,3,0,0,4,345,486,71845,171.9,88,601,601,Toby Alderweireld,SOU,DEF,100,2.4,345,4.7
603,735,2132,11,4,7,25,5,0,0,15,514,431,81695,232.3,137,604,604,Sadio Man_,SOU,MD,100,2.5,514,6.3
607,735,0,0,0,0,0,0,0,0,0,0,0,228,157.5,0,608,608,Sam McQueen,SOU,MD,,0,0,4.5
614,726,4,0,0,0,0,0,0,0,0,1,3,1335,132,1,615,615,Jason McCarthy,SOU,DEF,,0.1,1,4
640,636,52,0,0,0,1,1,0,0,0,4,0,14,117.9,1,641,641,Jake Hesketh,SOU,MD,100,0,4,4.9
647,605,2,0,0,0,0,0,0,0,0,0,4,34,99,1,648,648,Dominic Gape,SOU,MD,,0,0,4.5
648,605,1,0,0,0,0,0,0,0,0,0,4,102,99,1,649,649,Ryan Seager,SOU,FWD,,0,0,4.5
654,531,788,2,0,4,8,2,0,0,3,121,114,23118,90.2,40,655,655,Eljero Elia,SOU,MD,100,0.7,121,4.3
673,465,329,0,0,1,4,1,0,0,0,33,43,167,88,11,674,674,Filip Djuricic,SOU,MD,100,0,33,5.7
676,465,0,0,0,0,0,0,0,0,0,0,0,144,67.5,0,677,677,Jake Flannigan,SOU,MD,,0,0,4.5
362,742,0,0,0,0,0,0,0,0,0,0,0,-1872,183.2,0,363,363,Brad Friedel,TOT,GK,,0.1,0,4.7
363,742,3063,0,0,8,48,0,0,107,6,389,535,35568,211.5,121,364,364,Hugo Lloris,TOT,GK,100,8.9,389,5.4
365,742,2367,3,5,6,38,7,0,0,10,406,520,302914,186.7,103,366,366,Danny Rose,TOT,DEF,100,6.4,406,4.8
366,742,0,0,0,0,0,0,0,0,0,0,0,-10934,167.4,0,367,367,Benoit Assou-Ekotto,TOT,DEF,100,0.2,0,4.4
367,742,990,0,0,3,16,2,0,0,2,108,177,-788,183.6,28,368,368,Younes Kaboul,TOT,DEF,100,1.6,108,4.6
368,742,1306,0,1,1,24,3,0,0,1,201,218,-18765,221.2,27,369,369,Kyle Walker,TOT,DEF,100,0.6,201,5.8
370,742,2811,1,0,7,44,6,0,0,11,395,576,-7587,224.6,90,371,371,Jan Vertonghen,TOT,DEF,100,1.9,395,5.8
371,742,707,0,0,2,11,2,1,0,3,69,118,-4586,180,20,372,372,Vlad Chiriches,TOT,DEF,100,0.1,69,4.7
373,742,0,0,0,0,0,0,0,0,0,0,0,-2829,148.7,0,374,374,Milos Veljkovic,TOT,DEF,,0.2,0,3.9
374,742,0,0,0,0,0,0,0,0,0,0,0,-4820,152,0,375,375,Ryan Fredericks,TOT,DEF,0,0.1,0,4
375,742,1146,1,2,2,22,1,0,0,2,202,259,1126,198.6,49,376,376,Mousa Demb_l_,TOT,MD,100,0.4,202,5
378,742,0,0,0,0,0,0,0,0,0,0,0,-146,171,0,379,379,Iago Falque,TOT,MD,0,0,0,4.5
381,742,489,0,1,2,6,3,0,0,1,66,79,-43742,256.6,21,382,382,Jos_ Paulo Bezerra Maciel Jœnior,TOT,MD,100,1,66,6.7
382,742,749,2,3,2,15,2,0,0,2,175,140,-16482,237,44,383,383,Andros Townsend,TOT,MD,100,0.4,175,6.2
383,742,2407,11,6,7,40,3,0,0,20,564,574,413707,241.7,160,384,384,Nacer Chadli,TOT,MD,100,11.1,564,6.2
384,742,897,0,0,3,15,2,0,0,0,118,142,-991,186.2,23,385,385,Etienne Capoue,TOT,MD,100,0.1,118,4.8
385,742,2300,2,7,6,30,6,0,0,6,427,407,-54718,289.7,93,386,386,Erik Lamela,TOT,MD,100,1.4,427,7.4
386,742,3132,10,4,9,49,4,0,0,25,641,689,501717,308.1,162,387,387,Christian Eriksen,TOT,MD,,18.4,641,7.9
387,742,2193,0,2,5,35,8,0,0,3,309,390,-1524,166.5,55,388,388,Nabil Bentaleb,TOT,MD,100,0.9,309,4.3
388,742,0,0,0,0,0,0,0,0,0,0,0,-505,167.6,0,389,389,Harry Winks,TOT,MD,,0,0,4.4
389,742,0,0,0,0,0,0,0,0,0,0,0,-5,171,0,390,390,Alex Pritchard,TOT,MD,0,0,0,4.5
390,742,30,0,0,0,0,0,0,0,0,6,2,-9952,220.7,1,391,391,Lewis Holtby,TOT,MD,0,0.1,6,5.8
391,742,813,2,2,3,9,1,0,0,6,166,99,-53491,308.7,40,392,392,Emmanuel Adebayor,TOT,FWD,100,1.8,166,7.9
392,742,2581,21,7,6,39,4,0,0,32,826,672,1642147,211.6,191,393,393,Harry Kane,TOT,FWD,,44.8,826,6
393,742,804,1,1,1,14,1,0,0,2,111,100,-47260,290.3,36,394,394,Roberto Soldado,TOT,FWD,100,0.8,111,7.6
446,742,357,0,0,1,5,0,0,12,1,46,61,-8075,181.1,14,447,447,Michel Vorm,TOT,GK,100,0.4,46,4.7
454,742,895,0,1,2,12,3,0,0,2,126,160,-108776,170,31,455,455,Ben Davies,TOT,DEF,0,0.8,126,4.4
547,742,2293,2,3,6,37,4,0,0,12,346,452,216237,185.8,93,548,548,Eric Dier,TOT,DEF,100,11.1,346,4.6
590,739,1776,0,0,5,27,2,1,0,3,271,327,1206,182.7,50,591,591,Federico Fazio,TOT,DEF,100,0.1,271,4.7
594,736,459,0,0,1,3,4,0,0,0,58,69,114,165,12,595,595,Benjamin Stambouli,TOT,MD,,0,58,4.6
612,727,2313,1,4,7,36,10,0,0,4,367,403,10049,160.3,75,613,613,Ryan Mason,TOT,MD,100,0.2,367,4.5
629,676,0,0,0,0,0,0,0,0,0,0,0,61,135,0,630,630,Cristian Ceballos,TOT,MD,,0,0,5
630,676,0,0,0,0,0,0,0,0,0,0,0,606,108,0,631,631,Dominic Ball,TOT,DEF,,0,0,4
659,511,12,0,0,0,0,0,0,0,0,0,4,382,74,1,660,660,DeAndre Yedlin,TOT,DEF,,0,0,4.3
708,38,0,0,0,0,0,0,0,0,0,0,0,0,4.5,0,709,709,Joshua Onomah,TOT,MD,,0,0,4.5
98,741,1444,3,4,5,19,3,0,0,3,293,206,2093,201.8,66,99,99,Victor Moses,STK,MD,0,0.3,293,5
394,741,3150,0,0,7,43,3,0,87,3,352,482,-136641,185.8,106,395,395,Asmir Begovic,STK,GK,100,5.5,352,4.8
395,741,0,0,0,0,0,0,0,0,0,0,0,-4129,166.2,0,396,396,Thomas S¿rensen,STK,GK,,0.2,0,4.3
396,741,0,0,0,0,0,0,0,0,0,0,0,47628,146.9,0,397,397,Andy Wilkinson,STK,DEF,100,2,0,3.8
397,741,2831,2,1,6,39,7,0,0,8,340,462,-24421,206.5,92,398,398,Ryan Shawcross,STK,DEF,100,7,340,5.3
399,741,2122,0,0,5,26,4,1,0,8,223,359,21939,167.5,63,400,400,Marc Wilson,STK,DEF,100,1.2,223,4.3
400,741,2138,0,1,5,30,4,0,0,6,260,386,-330617,160.6,66,401,401,Geoff Cameron,STK,DEF,100,3.4,260,4.2
401,741,2562,0,2,7,30,8,0,0,8,330,473,-739,179.3,84,402,402,Erik Pieters,STK,DEF,100,0.9,330,4.6
402,741,1389,0,0,7,16,3,0,0,5,188,280,1772,165.2,59,403,403,Marc Muniesa,STK,DEF,100,0.2,188,4.2
403,741,2082,0,2,5,29,6,0,0,7,271,326,-6249,187.9,66,404,404,Phil Bardsley,STK,DEF,100,0.5,271,4.9
404,741,5,0,0,0,0,0,0,0,0,1,3,-454,162.4,1,405,405,Dionatan do Nascimento Teixeira,STK,DEF,100,0,1,4.2
405,741,0,0,0,0,0,0,0,0,0,0,0,-9947,152,0,406,406,Ryan Shotton,STK,DEF,0,0.2,0,4
406,741,933,0,3,0,15,3,0,0,1,149,146,-7658,180.8,33,407,407,Stephen Ireland,STK,MD,100,0.1,149,4.7
407,741,1511,7,3,5,17,5,0,0,10,308,364,-11445,211.7,97,408,408,Charlie Adam,STK,MD,100,1,308,5.4
408,741,2258,0,0,9,27,6,0,0,0,333,363,-1184,187.2,56,409,409,Glenn Whelan,STK,MD,100,0,333,4.9
409,741,0,0,0,0,0,0,0,0,0,0,0,-1247,164.5,0,410,410,Wilson Palacios,STK,MD,,0.2,0,4.3
410,741,2419,8,6,6,28,5,0,0,8,486,350,88794,198.5,125,411,411,Jonathan Walters,STK,MD,100,3.1,486,5.1
411,741,3375,3,2,9,44,2,0,0,8,479,601,4429,186.9,111,412,412,Steven N'Zonzi,STK,MD,100,0.5,479,4.9
412,741,0,0,0,0,0,0,0,0,0,0,0,-775,164.8,0,413,413,Brek Shea,STK,MD,0,0,0,4.3
413,741,0,0,0,0,0,0,0,0,0,0,0,-316,167.6,0,414,414,Jamie Ness,STK,MD,0,0,0,4.4
414,741,0,0,0,0,0,0,0,0,0,0,0,-700,165.6,0,415,415,Charlie Ward,STK,MD,,0.1,0,4.3
415,741,450,0,0,0,8,3,0,0,0,24,46,-126656,192.6,13,416,416,Steve Sidwell,STK,MD,100,1.2,24,5
416,741,1918,1,7,6,26,2,0,0,5,288,305,-54733,236.8,84,417,417,Marko Arnautovic,STK,MD,100,0.6,288,6.2
417,741,194,0,0,0,3,0,0,0,0,34,42,-31545,234.1,8,418,418,Peter Odemwingie,STK,MD,100,0.3,34,6.1
418,741,1685,8,3,4,23,4,0,0,14,269,303,-63766,217.1,101,419,419,Peter Crouch,STK,FWD,100,1.4,269,5.6
419,741,0,0,0,0,0,0,0,0,0,0,0,-4921,190,0,420,420,Cameron Jerome,STK,FWD,,0.1,0,5
420,741,2434,12,3,6,31,7,0,0,18,476,403,-832,235.2,128,421,421,Mame Biram Diouf,STK,FWD,100,0.6,476,6.1
532,741,1203,4,1,3,20,2,0,0,13,219,299,-446196,190.8,59,533,533,Bojan Krkic,STK,FWD,0,2.5,219,4.9
631,663,270,0,0,2,2,0,0,11,0,33,63,1628,117,15,632,632,Jack Butland,STK,GK,,0.1,33,4.5
633,663,1,0,0,0,0,0,0,0,0,0,3,134,116.6,1,634,634,Oliver Shenton,STK,MD,,0,0,4.4
655,531,1006,0,0,2,15,4,0,0,3,97,152,9152,79.7,26,656,656,Philipp Wollscheid,STK,DEF,100,0.3,97,4.2
205,745,823,0,0,4,12,1,0,0,2,86,159,990,167.9,32,206,206,Sebasti‡n Coates,SUN,DEF,100,0.1,86,4.4
242,745,1483,3,0,2,34,5,0,0,4,221,222,-51014,182.4,55,243,243,Jack Rodwell,SUN,MD,100,1.4,221,4.7
421,745,900,0,0,2,20,0,0,35,2,87,159,-167406,163.9,31,422,422,Vito Mannone,SUN,GK,100,4.4,87,4.1
422,745,2520,0,0,11,33,2,0,111,7,277,503,140797,170.9,123,423,423,Costel Pantilimon,SUN,GK,100,4.1,277,4.5
423,745,3270,0,0,12,53,4,0,0,9,291,607,-24647,171.2,107,424,424,John O'Shea,SUN,DEF,100,7.5,291,4.6
424,745,1992,0,0,8,27,5,1,0,4,210,355,-5074,167.6,63,425,425,Wes Brown,SUN,DEF,100,0.4,210,4.3
425,745,0,0,0,0,0,0,0,0,0,0,0,-24079,152,0,426,426,Modibo Diakit_,SUN,DEF,0,0.4,0,4
426,745,90,0,0,0,2,1,0,0,0,2,8,-8376,152,0,427,427,Valentin Roberge,SUN,DEF,0,0.1,2,4
427,745,1255,0,1,6,18,7,0,0,2,151,168,1145,165.4,44,428,428,Billy Jones,SUN,DEF,100,0.1,151,4.3
428,745,2079,4,3,11,28,2,0,0,5,325,381,-158099,230.5,98,429,429,Adam Johnson,SUN,MD,100,2.4,325,5.9
429,745,2357,1,0,11,35,14,0,0,1,236,312,21700,168,58,430,430,Lee Cattermole,SUN,MD,100,2.6,236,4.3
430,745,3052,3,4,12,43,10,0,0,6,468,531,130960,206,105,431,431,Sebastian Larsson,SUN,MD,100,4.4,468,5.3
431,745,0,0,0,0,0,0,0,0,0,0,0,-2007,171,0,432,432,Alfred N'Diaye,SUN,MD,0,0,0,4.5
432,745,0,0,0,0,0,0,0,0,0,0,0,-307,165.4,0,433,433,Tavares Varela Adilson Cabral,SUN,MD,0,0,0,4.3
433,745,308,0,0,1,5,2,0,0,0,41,30,-603,221.5,9,434,434,Emanuele Giaccherini,SUN,MD,100,0,41,5.8
434,745,0,0,0,0,0,0,0,0,0,0,0,-835,171,0,435,435,El-Hadji Ba,SUN,MD,0,0,0,4.5
435,745,0,0,0,0,0,0,0,0,0,0,0,-219,165.3,0,436,436,Charalampos Mavrias,SUN,MD,0,0,0,4.3
436,745,911,0,2,2,15,6,1,0,0,118,130,4204,163.7,22,437,437,Liam Bridcutt,SUN,MD,100,0.3,118,4.2
437,745,0,0,0,0,0,0,0,0,0,0,0,-140,165.8,0,438,438,Liam Agnew,SUN,MD,,0.1,0,4.3
438,745,1941,4,2,7,24,7,0,0,7,328,347,47498,195.9,81,439,439,Jordi Gomez Garcia-Penche,SUN,MD,100,0.8,328,5.1
439,745,2768,5,1,11,40,8,0,0,4,363,234,-7128,215.4,85,440,440,Connor Wickham,SUN,FWD,100,1.1,363,5.6
440,745,1784,5,2,6,35,4,0,0,6,254,226,-13787,197.3,76,441,441,Steven Fletcher,SUN,FWD,100,0.4,254,5
441,745,5,0,0,0,0,0,0,0,0,-4,3,-1192,165.1,1,442,442,Mikael Mandron,SUN,FWD,100,0.1,-4,4.3
442,745,0,0,0,0,0,0,0,0,0,0,0,-810,171,0,443,443,David Moberg-Karlsson,SUN,FWD,0,0,0,4.5
443,745,311,0,0,1,4,0,0,0,0,31,16,-7235,196.4,13,444,444,Jozy Altidore,SUN,FWD,0,0.2,31,5.1
444,745,0,0,0,0,0,0,0,0,0,0,0,-33,190,0,445,445,Ignacio Scocco,SUN,FWD,,0,0,5
445,745,627,1,1,3,6,0,0,0,3,94,79,14667,180.2,30,446,446,Danny Graham,SUN,FWD,100,0.2,94,4.7
540,745,2307,0,5,7,39,4,0,0,7,260,513,174536,163.2,84,541,541,Patrick van Aanholt,SUN,DEF,100,4.6,260,4.1
560,745,2620,0,0,11,40,6,0,0,12,297,482,49953,171,95,561,561,Santiago Vergini,SUN,DEF,100,1.3,297,4.5
567,745,876,0,3,1,22,2,0,0,0,97,98,-565,197.7,37,568,568,William Buckley,SUN,MD,100,0,97,5
595,739,497,0,0,2,11,3,0,0,0,59,50,69,200.8,16,596,596,Ricardo çlvarez,SUN,MD,100,0,59,5.7
623,709,1327,0,1,5,18,0,0,0,7,126,267,4721,135,55,624,624,Anthony R_veillere,SUN,DEF,100,0.1,126,4.5
625,690,0,0,0,0,0,0,0,0,0,0,0,635,112,0,626,626,Thomas Robson,SUN,DEF,,0,0,4
661,514,1451,4,2,7,19,1,0,0,6,226,185,194455,93.5,61,662,662,Jermain Defoe,SUN,FWD,100,2.5,226,4.8
681,394,0,0,0,0,0,0,0,0,0,0,0,391,54,0,682,682,Duncan Watmore,SUN,FWD,,0,0,4.5
695,217,0,0,0,0,0,0,0,0,0,0,0,350,27,0,696,696,George Honeyman,SUN,MD,,0,0,4.5
706,38,0,0,0,0,0,0,0,0,0,0,0,0,4,0,707,707,Jordan Pickford,SUN,GK,,0,0,4
347,741,1805,3,1,8,19,1,0,0,3,290,386,29322,165.9,74,348,348,Jack Cork,SWA,MD,100,1.8,290,4.3
369,741,1179,0,1,3,14,1,2,0,2,175,200,-2826,163.1,34,370,370,Kyle Naughton,SWA,DEF,100,0.3,175,4
379,741,692,0,0,2,10,1,0,0,0,96,132,-2349,167.6,21,380,380,Tom Carroll,SWA,MD,100,0.1,96,4.4
380,741,2682,7,10,9,43,2,0,0,19,561,612,463028,251.1,154,381,381,Gylfi Sigurdsson,SWA,MD,100,25,561,6.5
447,741,3307,0,0,13,47,0,1,137,9,409,626,203795,196.9,151,448,448,Lukasz Fabianski,SWA,GK,100,8.2,409,5.3
448,741,3330,0,0,13,48,6,0,0,15,447,761,176056,198.9,118,449,449,Ashley Williams,SWA,DEF,100,9.1,447,5.4
449,741,2998,0,3,13,41,9,0,0,4,378,658,118652,180.2,109,450,450,Neil Taylor,SWA,DEF,100,4.7,378,4.8
450,741,0,0,0,0,0,0,0,0,0,0,0,-1777,148.7,0,451,451,Alan Tate,SWA,DEF,100,0.1,0,3.9
451,741,2036,0,0,7,25,1,1,0,0,273,427,-2902,188.9,64,452,452,Angel Rangel,SWA,DEF,100,0.5,273,4.9
452,741,0,0,0,0,0,0,0,0,0,0,0,-2759,190,0,453,453, Chico,SWA,DEF,0,0,0,5
453,741,630,0,0,1,10,2,0,0,0,61,114,14055,148.4,13,454,454,Kyle Bartley,SWA,DEF,100,1.2,61,3.9
455,741,129,0,0,0,5,0,0,0,0,10,25,-840,165,2,456,456,Dwight Tiendalli,SWA,DEF,100,0,10,4.3
456,741,588,0,0,2,7,3,0,0,0,80,130,-320,161.6,19,457,457,Jordi Amat,SWA,DEF,0,0.2,80,4.1
457,741,636,0,1,2,12,1,0,0,2,70,128,-2949,152,24,458,458,Ashley Richards,SWA,DEF,100,0.4,70,4
458,741,0,0,0,0,0,0,0,0,0,0,0,-549,164.5,0,459,459,Stephen Kingsley,SWA,DEF,100,0,0,4.3
459,741,2309,3,1,10,31,1,1,0,1,310,233,2472,207.5,81,460,460,Wayne Routledge,SWA,MD,100,0.9,310,5.4
460,741,1862,3,2,8,29,2,0,0,5,318,302,84968,206.7,85,461,461,Nathan Dyer,SWA,MD,100,4.6,318,5.2
461,741,534,0,0,1,10,1,0,0,0,62,107,-1357,167.7,15,462,462,Leon Britton,SWA,MD,100,0.1,62,4.4
462,741,0,0,0,0,0,0,0,0,0,0,0,-2033,228,0,463,463,Pablo Hern‡ndez,SWA,MD,0,0,0,6
463,741,0,0,0,0,0,0,0,0,0,0,0,-40,171,0,464,464,Alejandro Pozuelo Melero,SWA,MD,0,0,0,4.5
464,741,2449,3,6,11,30,8,1,0,10,430,415,-172167,200.6,99,465,465,Jonjo Shelvey,SWA,MD,100,3.1,430,5.2
465,741,0,0,0,0,0,0,0,0,0,0,0,-70,285,0,466,466,Miguel Michu,SWA,MD,0,0,0,7.5
466,741,0,0,0,0,0,0,0,0,0,0,0,-4738,167.5,0,467,467,Jos_ Alberto Ca–as Ruiz Herrera,SWA,MD,0,0.1,0,4.4
467,741,0,0,0,0,0,0,0,0,0,0,0,-3620,171,0,468,468,Lee Lucas,SWA,MD,100,0.1,0,4.5
468,741,115,0,0,1,1,0,0,0,0,18,16,-100,170.3,4,469,469,Jay Fulton,SWA,MD,100,0,18,4.4
469,741,0,0,0,0,0,0,0,0,0,0,0,-482,166.4,0,470,470,Adam King,SWA,MD,,0.1,0,4.3
470,741,2689,8,1,11,33,4,0,0,17,488,677,152474,191.5,129,471,471,Sung-yueng Ki,SWA,MD,100,6.2,488,5.1
472,741,0,0,0,0,0,0,0,0,0,0,0,-463,168.3,0,473,473,Rory Donnelly,SWA,FWD,100,0,0,4.4
473,741,1650,7,1,5,26,0,0,0,6,302,246,-11311,249.7,84,474,474,Baf_timbi Gomis,SWA,FWD,100,0.5,302,6.5
474,741,514,0,1,0,9,2,0,0,0,72,50,42,186.5,21,475,475,Marvin Emnes,SWA,FWD,100,0,72,4.9
534,741,110,0,0,0,3,0,0,4,0,6,16,-1580,167.7,2,535,535,Gerhard Tremmel,SWA,GK,,0.1,6,4.4
536,741,1577,1,8,5,21,0,0,0,2,288,308,-4800,212.6,80,537,537,Jefferson Montero,SWA,MD,100,0.2,288,5.4
574,741,0,0,0,0,0,0,0,0,0,0,0,179,168,0,575,575,Josh Sheehan,SWA,MD,100,0,0,4.4
583,740,2475,0,0,10,37,0,0,0,11,297,548,4234,182.4,93,584,584,Federico Fern‡ndez,SWA,DEF,100,0.2,297,4.9
619,720,0,0,0,0,0,0,0,0,0,0,0,879,128,0,620,620,Liam Shephard,SWA,DEF,,0,0,4
626,686,289,0,2,1,4,1,0,0,0,56,58,123,125,17,627,627,Modou Barrow,SWA,FWD,100,0,56,4.4
644,621,0,0,0,0,0,0,0,0,0,0,0,1544,92,0,645,645,David Cornell,SWA,GK,100,0.1,0,4
656,531,44,0,0,0,1,0,0,0,0,6,5,103,89.3,3,657,657,Matt Grimes,SWA,MD,,0,6,4.9
657,531,389,1,1,0,9,0,0,0,0,59,60,329,102.4,21,658,658,N_lson Miguel Castro Oliveira,SWA,FWD,100,0,59,5.5
696,146,0,0,0,0,0,0,0,0,0,0,0,394,16,0,697,697,Raheem Hanley,SWA,DEF,,0,0,4
707,38,7,0,0,0,0,0,0,0,0,1,3,0,4.5,1,708,708,Kenji Gorre,SWA,MD,,0,1,4.5
206,741,1972,0,1,8,29,1,0,0,7,208,386,206860,159.9,75,207,207,Andre Wisdom,WBA,DEF,100,13.5,208,4
272,741,1719,1,0,9,25,3,0,0,0,208,284,-20304,174.3,55,273,273,Darren Fletcher,WBA,MD,,0.5,208,4.5
475,741,935,0,0,4,17,1,0,57,6,111,215,-107611,152.8,56,476,476,Boaz Myhill,WBA,GK,100,13.7,111,4.1
476,741,2485,0,0,11,34,2,0,74,3,256,433,-11369,173.1,98,477,477,Ben Foster,WBA,GK,0,3.9,256,4.5
477,741,825,1,0,3,18,2,0,0,2,95,152,-7676,179.2,32,478,478,Jonas Olsson,WBA,DEF,100,0.1,95,4.6
478,741,2071,1,0,12,31,2,1,0,5,214,385,8324,183.8,89,479,479,Gareth McAuley,WBA,DEF,100,0.3,214,4.7
479,741,2590,2,0,12,38,6,0,0,3,330,490,102771,171.9,99,480,480,Craig Dawson,WBA,DEF,100,3.7,330,4.5
480,741,0,0,0,0,0,0,0,0,0,0,0,-460,148.7,0,481,481,Liam O'Neil,WBA,DEF,,0.3,0,3.9
481,741,0,0,0,0,0,0,0,0,0,0,0,-2496,149,0,482,482,Donervon Daniels,WBA,DEF,0,0.1,0,3.9
482,741,3060,1,2,15,44,3,0,0,8,377,584,106555,188.8,127,483,483,Joleon Lescott,WBA,DEF,100,3.7,377,5.1
483,741,806,0,0,2,17,2,0,0,3,80,152,63645,148.9,30,484,484,Chris Baird,WBA,DEF,100,2.6,80,3.8
484,741,1211,0,0,5,18,1,0,0,1,150,199,1368,162.9,41,485,485,S_bastien Pocognoli,WBA,DEF,100,0.2,150,4.1
485,741,1762,1,4,7,29,5,0,0,2,255,236,-11733,215.4,67,486,486,St_phane Sessegnon,WBA,MD,100,0.3,255,5.4
486,741,0,0,0,0,0,0,0,0,0,0,0,-41,171,0,487,487,George Thorne,WBA,MD,0,0,0,4.5
487,741,1587,1,3,6,24,5,0,0,5,203,252,4110,186.2,57,488,488,Graham Dorrans,WBA,MD,100,0.3,203,4.7
488,741,2678,3,4,13,36,10,0,0,4,375,408,-1309,209,99,489,489,Craig Gardner,WBA,MD,100,0.1,375,5.5
489,741,2553,2,1,14,35,3,0,0,9,386,451,121,209,95,490,490,James Morrison,WBA,MD,100,0.1,386,5.5
490,741,899,0,0,3,16,1,1,0,0,81,139,-8082,178.3,25,491,491,Youssuf Mulumbu,WBA,MD,100,0.1,81,4.6
491,741,2892,2,10,14,40,5,0,0,13,389,523,16609,201.6,128,492,492,Chris Brunt,WBA,MD,100,0.8,389,5.2
492,741,1392,0,0,9,18,5,1,0,0,149,166,-9374,167.5,35,493,493,Claudio Yacob,WBA,MD,100,0.2,149,4.4
493,741,0,0,0,0,0,0,0,0,0,0,0,-800,167.6,0,494,494,Kemar Roofe,WBA,MD,100,0,0,4.4
494,741,1035,3,3,4,14,0,0,0,6,154,152,-12832,186.5,57,495,495,Victor Anichebe,WBA,FWD,100,0.2,154,4.9
495,741,2925,14,1,13,46,2,0,0,21,574,477,276210,214.9,148,496,496,Saido Berahino,WBA,FWD,100,11.4,574,5.6
530,741,1301,4,2,6,17,2,0,0,6,223,138,-300,209.9,62,531,531,Brown Ideye,WBA,FWD,100,0.1,223,4.8
552,741,102,0,0,0,3,0,0,0,0,7,8,-780,163.6,2,553,553,Jason Davidson,WBA,DEF,100,0,7,4.2
553,741,242,0,1,0,3,1,0,0,0,30,65,-3603,162.5,12,554,554,Cristian Gamboa,WBA,DEF,100,0.1,30,4.1
585,740,72,0,0,0,0,0,0,0,0,16,14,123,177.2,5,586,586,Georgios Samaras,WBA,FWD,100,0,16,4.7
589,738,336,1,0,1,7,1,0,0,0,52,41,45,216,15,590,590,Silvestre Varela,WBA,MD,0,0,52,6
604,735,39,0,0,0,0,1,0,0,0,0,5,21,185.7,2,605,605,Sebasti‡n Blanco,WBA,MD,,0,0,5.2
609,735,0,0,0,0,0,0,0,0,0,0,0,2597,140,0,610,610,Luke Daniels,WBA,GK,0,0.1,0,4
652,551,0,0,0,0,0,0,0,0,0,0,0,289,85.5,0,653,653,Adil Nabi,WBA,FWD,,0,0,4.5
666,488,345,0,1,0,8,1,0,0,0,53,33,472,74.4,11,667,667,Callum McManaman,WBA,MD,100,0,53,4.4
671,488,0,0,0,0,0,0,0,0,0,0,0,4548,64,0,672,672,Jack Rose,WBA,GK,,0.2,0,4
701,38,0,0,0,0,0,0,0,0,0,0,0,0,4.5,0,702,702,Tyler Roberts,WBA,FWD,,0,0,4.5
702,38,0,0,0,0,0,0,0,0,0,0,0,0,4,0,703,703,Alex Palmer,WBA,GK,,0,0,4
4,741,2669,0,2,9,30,2,0,0,2,369,458,19932,190,94,5,5,Carl Jenkinson,WHU,DEF,100,0.8,369,5
496,741,28,0,0,0,0,0,0,4,0,5,9,-20350,162.8,2,497,497,Jussi J__skel_inen,WHU,GK,,0.6,5,4.2
497,741,3390,0,0,9,47,3,1,129,6,386,587,74177,192,142,498,498,Adri‡n San Miguel del Castillo,WHU,GK,,2.9,386,5.2
498,741,1881,0,0,5,23,5,1,0,3,229,314,-13302,169.7,54,499,499,James Collins,WHU,DEF,100,0.3,229,4.4
499,741,526,0,0,1,11,2,0,0,2,53,91,-6759,162,15,500,500,Joey O'Brien,WHU,DEF,100,0.4,53,4.2
500,741,2502,1,0,3,39,10,0,0,9,287,397,-6455,187.8,61,501,501,Winston Reid,WHU,DEF,100,0.7,287,4.8
501,741,258,0,0,0,7,0,0,0,0,30,38,-11015,180.2,7,502,502,Guy Demel,WHU,DEF,100,0.2,30,4.7
502,741,0,0,0,0,0,0,0,0,0,0,0,224,148.9,0,503,503,Daniel Potts,WHU,DEF,,0.3,0,3.9
503,741,1852,1,3,5,27,6,0,0,8,251,373,1221,184.7,72,504,504,James Tomkins,WHU,DEF,100,0.3,251,4.6
504,741,0,0,0,0,0,0,0,0,0,0,0,1863,148.9,0,505,505,Leo Chambers,WHU,DEF,,0.7,0,3.9
505,741,3420,2,4,9,47,5,0,0,13,510,593,157008,210.1,129,506,506,Aaron Cresswell,WHU,DEF,,5.2,510,5.6
506,741,3312,6,8,9,45,3,0,0,26,615,694,574787,232,160,507,507,Stewart Downing,WHU,MD,100,18.7,615,5.9
507,741,2302,2,5,7,31,4,0,0,12,351,483,-79956,203.3,89,508,508,Mark Noble,WHU,MD,100,1.3,351,5.3
508,741,34,0,0,0,2,0,0,0,0,4,3,-778,183.7,1,509,509,Ravel Morrison,WHU,MD,100,0,4,4.8
509,741,1749,1,1,5,21,2,0,0,4,226,215,-129374,237.2,62,510,510,Kevin Nolan,WHU,MD,100,1.1,226,6.2
511,741,0,0,0,0,0,0,0,0,0,0,0,-4760,171,0,512,512,Alou Diarra,WHU,MD,,0.1,0,4.5
512,741,416,0,0,1,5,0,0,0,0,34,57,-1984,200.9,14,513,513,Matthew Jarvis,WHU,MD,100,0,34,5.2
513,741,2657,4,3,7,38,5,0,0,6,368,377,7455,186.9,98,514,514,Cheikhou Kouyat_,WHU,MD,100,0.5,368,4.9
514,741,91,0,0,0,2,1,0,0,0,5,17,-18920,164.6,3,515,515,Diego Poyet,WHU,MD,100,0.4,5,4.3
515,741,1024,5,2,3,11,2,0,0,7,178,169,4116,255.6,56,516,516,Andy Carroll,WHU,FWD,0,0.2,178,6.3
516,741,223,0,0,1,2,0,0,0,0,26,11,-61213,160.8,6,517,517,Ricardo Vaz Te,WHU,FWD,100,1.5,26,4.1
517,741,0,0,0,0,0,0,0,0,0,0,0,-1001,186.4,0,518,518,Modibo Maiga,WHU,FWD,0,0,0,4.9
518,741,14,0,0,0,1,0,0,0,0,1,4,-2125,165.5,1,519,519,Elliot Lee,WHU,FWD,100,0.2,1,4.3
519,741,912,2,0,2,16,2,0,0,0,106,88,-12641,180.6,36,520,520,Carlton Cole,WHU,FWD,100,0.6,106,4.6
529,741,2101,4,6,10,24,2,0,0,8,336,209,3855,251,94,530,530,Enner Valencia,WHU,FWD,100,0.7,336,6.3
569,741,1755,9,3,4,23,2,0,0,14,325,292,40445,211.1,98,570,570,Diafra Sakho,WHU,FWD,100,1.7,325,5.2
575,741,415,0,0,2,4,0,0,0,2,38,92,3088,152,19,576,576,Reece Burke,WHU,DEF,,0.2,38,4
592,735,2245,0,3,7,32,4,0,0,2,275,352,4792,173.9,67,593,593,Alexandre Song,WHU,MD,100,0.3,275,4.8
598,735,1184,3,1,5,18,3,0,0,0,190,176,2003,174.4,54,599,599,Morgan Amalfitano,WHU,MD,100,0.1,190,4.9
627,675,0,0,0,0,0,0,0,0,0,0,0,118,121.5,0,628,628,Sebastian Lletget,WHU,MD,,0,0,4.5
658,531,0,0,0,0,0,0,0,0,0,0,0,1060,71.5,0,659,659,Doneil Henry,WHU,DEF,100,0,0,3.9
670,488,0,0,0,0,0,0,0,0,0,0,0,1125,64,0,671,671,Reece Oxford,WHU,DEF,,0,0,4
680,390,135,0,0,0,3,0,0,0,0,8,21,73,67.5,8,681,681,Anderson Luis de Carvalho,WHU,MD,,0,8,5.3
685,335,0,0,0,0,0,0,0,0,0,0,0,352,40,0,686,686,Emmanuel Onariase,WHU,DEF,,0,0,4
686,335,0,0,0,0,0,0,0,0,0,0,0,59,45,0,687,687,Josh Cullen,WHU,MD,,0,0,4.5